timestamp,temperature,humidity,latitude,longitude,speed_kmph,altitude,satellites,heading,current,battery_voltage,battery_percent
1789009398.1960697,30.0,52.0,1.458921,102.149738,0.54,32.6,7,238.0,-0.11,4.2,0.0
1789009399.1707582,30.0,52.0,1.458921,102.149738,0.3,32.8,7,238.0,-0.15,4.2,0.0
1789009400.1686466,30.0,52.0,1.458921,102.149738,1.17,32.8,7,238.0,-0.13,4.2,0.0
1789009401.1687582,30.0,52.0,1.458921,102.149738,2.2,32.7,7,238.0,-0.17,4.2,0.0
1789009402.1805732,30.0,52.0,1.458921,102.149738,2.98,32.7,7,238.0,-0.27,4.19,0.0
1789009403.2054567,30.0,52.0,1.458921,102.149738,1.0,32.8,7,238.0,-0.15,4.2,0.0
1789009404.185025,30.0,52.0,1.458921,102.149738,0.85,32.9,7,238.0,-0.18,4.2,0.0
1789009405.1928275,30.0,52.0,1.458921,102.149738,1.24,32.9,7,238.0,-0.17,4.2,0.0
1789009406.1969304,30.0,52.0,1.458921,102.149738,1.28,33.2,7,238.0,-0.15,4.2,0.0
1789009407.2064347,30.0,52.0,1.458921,102.149738,1.26,33.2,7,238.0,-0.14,4.2,0.0
1789009408.227562,30.0,52.0,1.458921,102.149738,1.41,33.0,7,238.0,-0.21,4.2,0.0
1789009409.210396,30.0,52.0,1.458921,102.149738,0.83,32.8,7,238.0,-0.22,4.2,0.0
1789009410.195585,30.0,52.0,1.458921,102.149738,0.19,32.6,7,238.0,-0.2,4.2,0.0
1789009411.217026,30.0,52.0,1.458921,102.149738,0.8,32.7,7,238.0,-0.16,4.2,0.0
1789009412.2010128,30.0,52.0,1.458911,102.149732,1.0,32.7,7,238.0,-0.18,4.2,0.0
1789009413.2470975,30.0,52.0,1.458911,102.149732,0.31,32.9,7,238.1,-1.57,4.09,0.0
1789009414.22038,30.0,52.0,1.458911,102.149732,0.17,33.0,7,238.1,-1.48,4.1,0.0
1789009415.2194803,30.0,52.0,1.458911,102.149732,0.28,33.0,7,238.0,-2.0,4.05,0.0
1789009416.2229478,30.0,52.0,1.458911,102.149732,0.39,33.2,7,238.1,-1.28,4.12,0.0
1789009417.2192442,30.0,52.0,1.458911,102.149732,0.65,33.2,7,238.0,-1.6,4.09,0.0
1789009418.235462,30.0,52.0,1.458911,102.149732,0.48,33.1,7,238.0,-1.47,4.09,0.0
1789009419.215695,30.0,52.0,1.458911,102.149732,0.52,33.1,7,238.0,-1.44,4.1,0.0
1789009420.2283244,30.0,52.0,1.458911,102.149732,0.41,33.1,7,238.0,-1.39,4.11,0.0
1789009421.2249854,30.0,52.0,1.458897,102.149728,0.63,33.3,7,238.0,-1.2,4.11,0.0
1789009422.2242138,30.0,52.0,1.458897,102.149728,0.33,33.4,7,238.0,-1.62,4.11,0.0
1789009423.2626016,30.0,52.0,1.458919,102.149726,2.06,33.6,7,238.0,-1.55,4.1,0.0
1789009424.2301173,30.0,52.0,1.458919,102.149726,1.46,33.9,7,238.1,-1.28,4.11,0.0
1789009425.2257047,30.0,52.0,1.458919,102.149726,1.44,34.1,7,238.0,-1.21,4.1,0.0
1789009426.229498,30.0,52.0,1.458919,102.149726,0.94,34.4,7,238.1,-1.19,4.11,0.0
1789009427.2471523,30.0,52.0,1.458919,102.149726,0.93,34.6,7,238.1,-1.15,4.11,0.0
1789009428.2616549,30.0,52.0,1.458919,102.149726,0.39,34.6,6,238.1,-1.25,4.11,0.0
1789009429.2321582,30.0,52.0,1.458919,102.149726,0.57,34.9,6,238.1,-1.08,4.11,0.0
1789009430.2474377,30.0,52.0,1.458919,102.149726,0.35,34.9,6,238.1,-2.37,4.11,0.0
1789009431.240119,30.0,52.0,1.458919,102.149726,0.63,34.9,7,238.1,-1.09,4.12,0.0
1789009432.2421398,30.0,52.0,1.458919,102.149726,1.09,34.9,6,238.1,-1.01,4.12,0.0
1789009433.2806294,30.0,52.0,1.458919,102.149726,0.48,35.0,7,238.1,-1.03,4.11,0.0
1789009434.2585588,30.0,52.0,1.458919,102.149726,0.65,35.3,7,238.1,-0.96,4.12,0.0
1789009435.2580395,30.0,52.0,1.458919,102.149726,0.48,35.5,7,238.1,-1.06,4.1,0.0
1789009436.2577438,30.0,52.0,1.458919,102.149726,0.44,35.4,7,238.1,-0.92,4.12,0.0
1789009437.2580776,30.0,52.0,1.458919,102.149726,0.85,35.7,7,238.1,-0.95,4.12,0.0
1789009438.2921548,30.0,52.0,1.458919,102.149726,0.96,36.3,7,238.1,-0.97,4.12,0.0
1789009439.2683978,30.0,52.0,1.458919,102.149726,1.17,36.8,7,238.1,-0.91,4.12,0.0
1789009440.2687354,30.0,52.0,1.458919,102.149726,1.02,37.2,7,238.1,-0.91,4.12,0.0
1789009441.2579827,30.0,52.0,1.458908,102.149727,1.07,37.6,7,238.1,-0.93,4.12,0.0
1789009442.2576904,30.0,52.0,1.458908,102.149727,0.59,37.7,7,238.1,-0.88,4.12,0.0
1789009443.2978437,30.0,52.0,1.458908,102.149727,0.43,38.1,7,238.1,-0.95,4.12,0.0
1789009444.2793329,30.0,52.0,1.458908,102.149727,0.48,39.0,7,238.1,-0.89,4.12,0.0
1789009445.2763479,30.0,52.0,1.458908,102.149727,0.46,39.4,7,238.1,-0.88,4.12,0.0
1789009446.2729917,30.0,52.0,1.458908,102.149727,0.54,39.9,7,238.1,-0.93,4.11,0.0
1789009447.2737298,30.0,52.0,1.458908,102.149727,0.89,40.1,7,238.1,-0.93,4.12,0.0
1789009448.310162,30.0,52.0,1.458908,102.149727,0.8,40.8,7,238.1,-0.9,4.12,0.0
1789009449.2871099,30.0,52.0,1.458908,102.149727,0.33,40.9,7,238.1,-0.91,4.12,0.0
1789009450.2915957,30.0,52.0,1.458908,102.149727,0.09,41.5,7,238.1,-0.91,4.12,0.0
1789009451.2884173,30.0,52.0,1.458908,102.149727,0.17,41.6,7,238.3,-1.26,4.12,0.0
1789009452.2771494,30.0,52.0,1.458908,102.149727,0.13,41.8,7,237.8,-1.28,4.12,0.0
1789009453.3178124,30.0,52.0,1.458908,102.149727,0.33,42.0,7,237.7,-1.29,4.12,0.0
1789009454.3008852,30.0,52.0,1.458898,102.149719,0.46,41.7,7,237.7,-1.35,4.12,0.0
1789009455.299982,30.0,52.0,1.458898,102.149719,0.56,41.8,7,237.7,-1.33,4.12,0.0
1789009456.297592,30.0,52.0,1.458898,102.149719,0.43,41.9,7,237.8,-1.35,4.12,0.0
1789009457.309694,30.0,52.0,1.458898,102.149719,0.41,41.8,7,237.8,-1.35,4.12,0.0
1789009458.313226,30.0,52.0,1.458886,102.14972,0.65,41.7,7,237.8,-1.33,4.12,0.0
1789009459.3095593,30.0,52.0,1.458886,102.14972,0.7,41.2,7,237.9,-1.28,4.12,0.0
1789009460.3124573,30.0,52.0,1.458886,102.14972,2.07,41.1,7,237.7,-1.25,4.12,0.0
1789009461.3074703,30.0,52.0,1.458886,102.14972,1.15,41.0,7,237.8,-1.18,4.12,0.0
1789009462.2985034,30.0,52.0,1.458886,102.14972,0.11,41.2,7,237.8,-1.15,4.12,0.0
1789009463.3319669,30.0,52.0,1.458875,102.149719,0.61,40.5,7,237.8,-1.06,4.12,0.0
1789009464.3132977,30.0,52.0,1.458875,102.149719,0.48,39.9,7,237.7,-1.22,4.12,0.0
1789009465.316155,30.0,52.0,1.458875,102.149719,0.5,39.9,7,237.6,-1.17,4.11,0.0
1789009466.3115835,30.0,52.0,1.458875,102.149719,0.74,39.8,7,237.8,-1.19,4.11,0.0
1789009467.3181496,30.0,52.0,1.458875,102.149719,0.19,39.2,7,237.8,-1.14,4.11,0.0
1789009468.3367536,30.0,52.0,1.458864,102.149717,0.3,39.3,7,237.7,-1.09,4.12,0.0
1789009469.327829,30.0,52.0,1.458864,102.149717,0.96,39.2,7,237.8,-1.09,4.12,0.0
1789009470.3278756,30.0,52.0,1.458864,102.149717,0.85,39.4,7,239.0,-1.11,4.12,0.0
1789009471.31746,30.0,52.0,1.458864,102.149717,0.85,39.2,7,239.0,-1.12,4.12,0.0
1789009472.3367536,30.0,52.0,1.458864,102.149717,0.91,39.1,7,239.0,-1.03,4.12,0.0
1789009473.3583272,30.0,52.0,1.458864,102.149717,0.74,38.9,7,239.0,-1.06,4.12,0.0
1789009474.3365543,30.0,52.0,1.458864,102.149717,0.07,39.3,7,239.0,-1.0,4.12,0.0
1789009475.3370526,30.0,52.0,1.458864,102.149717,0.13,39.5,7,239.0,-0.97,4.13,0.0
1789009476.3389146,30.0,52.0,1.458864,102.149717,0.19,39.6,7,239.0,-1.0,4.12,0.0
1789009477.3428435,30.0,52.0,1.458864,102.149717,1.02,40.2,7,239.0,-0.96,4.13,0.0
1789009478.3680313,30.0,52.0,1.458864,102.149717,0.61,40.4,7,239.0,-1.05,4.13,0.0
1789009479.3498657,30.0,52.0,1.458864,102.149717,0.41,40.7,7,239.0,-0.93,4.13,0.0
1789009480.3493211,30.0,52.0,1.458864,102.149717,0.31,40.9,7,239.0,-0.92,4.13,0.0
1789009481.3484664,30.0,52.0,1.458864,102.149717,0.57,41.2,7,239.0,-0.93,4.13,0.0
1789009482.343549,30.0,52.0,1.458864,102.149717,0.44,41.7,7,239.0,-0.92,4.13,0.0
1789009483.3797314,30.0,52.0,1.458864,102.149717,0.74,42.0,7,239.0,-0.98,4.13,0.0
1789009484.3554432,30.0,52.0,1.458864,102.149717,0.22,42.2,7,239.0,-0.91,4.13,0.0
1789009485.3482425,30.0,52.0,1.458864,102.149717,0.17,42.4,7,239.0,-0.95,4.13,0.0
1789009486.3440237,30.0,52.0,1.458864,102.149717,0.24,42.8,7,239.0,-0.96,4.13,0.0
1789009487.3611798,30.0,52.0,1.458864,102.149717,0.11,43.5,7,239.0,-0.93,4.13,0.0
1789009488.374906,30.0,52.0,1.458864,102.149717,0.24,44.0,7,239.0,-1.03,4.13,0.0
1789009489.3673325,30.0,52.0,1.458864,102.149717,0.59,44.4,7,239.0,-0.94,4.13,0.0
1789009490.360452,30.0,52.0,1.458864,102.149717,0.35,44.7,7,239.0,-0.97,4.13,0.0
1789009491.3754218,30.0,52.0,1.458864,102.149717,0.24,44.9,7,239.0,-0.92,4.13,0.0
1789009492.3674533,30.0,52.0,1.458864,102.149717,0.2,45.4,6,239.0,-0.95,4.13,0.0
1789009493.3832984,30.0,52.0,1.458864,102.149717,0.39,46.0,6,239.0,-1.01,4.13,0.0
1789009494.379966,30.0,52.0,1.458864,102.149717,0.83,46.7,6,239.0,-0.91,4.13,0.0
1789009495.3798342,30.0,52.0,1.458864,102.149717,0.31,47.2,7,239.0,-0.91,4.13,0.0
1789009496.366639,30.0,52.0,1.458865,102.149705,0.46,47.7,7,239.0,-0.92,4.13,0.0
1789009497.384044,30.0,52.0,1.458865,102.149705,0.87,48.0,7,239.0,-0.91,4.13,0.0
1789009498.3970153,30.0,52.0,1.458865,102.149705,0.78,48.4,7,239.0,-1.05,4.12,0.0
1789009499.3713107,30.0,52.0,1.458865,102.149705,1.31,48.6,7,239.0,-1.06,4.12,0.0
1789009500.385225,30.0,52.0,1.458865,102.149705,1.13,48.8,7,239.0,-0.93,4.13,0.0
1789009501.3798354,30.0,52.0,1.458865,102.149705,0.94,49.0,6,239.0,-0.92,4.13,0.0
1789009502.3919313,30.0,52.0,1.458865,102.149705,0.56,49.0,6,239.0,-0.94,4.13,0.0
1789009503.40936,30.0,52.0,1.458865,102.149705,0.54,49.1,6,239.0,-0.91,4.13,0.0
1789009504.388763,30.0,52.0,1.458865,102.149705,1.52,49.2,7,239.0,-0.93,4.13,0.0
1789009505.4046462,30.0,52.0,1.458865,102.149705,1.69,48.9,7,239.0,-0.94,4.13,0.0
1789009506.3995748,30.0,52.0,1.458865,102.149705,1.22,48.8,7,239.0,-0.95,4.13,0.0
1789009507.4009495,30.0,52.0,1.458865,102.149705,0.78,48.4,7,239.0,-0.95,4.13,0.0
1789009508.434151,30.0,52.0,1.458865,102.149705,1.19,48.1,7,239.0,-0.92,4.13,0.0
1789009509.4094336,30.0,52.0,1.458852,102.149705,1.76,47.9,7,239.0,-0.93,4.13,0.0
1789009510.4080317,30.0,52.0,1.458852,102.149705,1.37,47.7,7,239.0,-0.92,4.13,0.0
1789009511.4034011,30.0,52.0,1.458852,102.149705,1.31,47.9,7,239.0,-1.08,4.12,0.0
1789009512.4167805,30.0,52.0,1.458852,102.149705,0.74,47.7,7,239.0,-0.92,4.13,0.0
1789009513.4357038,30.0,52.0,1.458852,102.149705,0.41,47.3,7,239.0,-0.9,4.13,0.0
1789009514.4082928,30.0,52.0,1.458852,102.149705,0.46,46.7,7,239.0,-0.9,4.13,0.0
1789009515.421026,30.0,52.0,1.458852,102.149705,0.04,46.1,7,239.0,-0.91,4.13,0.0
1789009516.416759,30.0,52.0,1.458852,102.149705,0.52,45.7,7,239.0,-0.89,4.13,0.0
1789009517.4141927,30.0,52.0,1.458852,102.149705,0.33,45.0,7,239.0,-0.88,4.13,0.0
1789009518.4327898,30.0,52.0,1.458852,102.149705,0.28,44.5,7,239.0,-0.92,4.13,0.0
1789009519.4172087,30.0,52.0,1.458852,102.149705,1.04,44.3,7,239.0,-0.9,4.13,0.0
1789009520.431565,30.0,52.0,1.458863,102.149708,1.26,43.7,7,239.0,-0.86,4.13,0.0
1789009521.4295237,30.0,52.0,1.458863,102.149708,0.93,43.4,7,239.0,-0.96,4.13,0.0
1789009522.4210362,30.0,52.0,1.458863,102.149708,0.11,43.0,7,239.0,-0.86,4.13,0.0
1789009523.456007,30.0,52.0,1.458863,102.149708,0.35,43.0,7,239.0,-0.88,4.13,0.0
1789009524.429495,30.0,52.0,1.458863,102.149708,0.31,42.5,7,239.0,-0.89,4.13,0.0
1789009525.4439902,30.0,52.0,1.458863,102.149708,0.13,41.7,7,239.0,-0.88,4.13,0.0
1789009526.4376361,30.0,52.0,1.458863,102.149708,0.7,41.0,7,239.0,-0.9,4.13,0.0
1789009527.4534883,30.0,52.0,1.458863,102.149708,0.61,40.6,7,239.0,-0.88,4.13,0.0
1789009528.4657462,30.0,52.0,1.458871,102.149716,0.24,40.3,7,239.0,-0.94,4.13,0.0
1789009529.460108,30.0,52.0,1.458871,102.149716,0.17,40.0,7,239.0,-0.89,4.13,0.0
1789009530.4518416,30.0,52.0,1.458871,102.149716,0.28,39.9,7,239.0,-0.86,4.13,0.0
1789009531.464732,30.0,52.0,1.458871,102.149716,0.09,39.7,7,239.0,-0.91,4.13,0.0
1789009532.4589386,30.0,52.0,1.458879,102.149725,0.65,39.5,7,239.0,-0.94,4.13,0.0
1789009533.4929779,30.0,52.0,1.458879,102.149725,0.57,38.3,7,239.0,-0.9,4.13,0.0
1789009534.4691086,30.0,52.0,1.458879,102.149725,0.44,36.6,7,239.0,-0.88,4.13,0.0
1789009535.4819694,30.0,52.0,1.458879,102.149725,0.41,35.9,7,239.0,-0.9,4.13,0.0
1789009536.4779444,30.0,52.0,1.458879,102.149725,0.48,35.1,7,239.0,-0.91,4.13,0.0
1789009537.4736736,30.0,52.0,1.458879,102.149737,0.61,34.5,7,239.0,-0.9,4.13,0.0
1789009538.5087967,30.0,52.0,1.458879,102.149737,0.56,34.0,7,239.0,-0.93,4.13,0.0
1789009539.4817152,30.0,52.0,1.458879,102.149737,0.91,33.7,7,239.0,-0.92,4.13,0.0
1789009540.4772713,30.0,52.0,1.458879,102.149737,1.35,33.2,7,239.0,-0.93,4.13,0.0
1789009541.4906373,30.0,52.0,1.458879,102.149737,0.26,32.8,7,239.0,-0.92,4.13,0.0
1789009542.4849408,30.0,52.0,1.458879,102.149737,0.8,32.4,6,239.0,-0.89,4.13,0.0
1789009543.5188413,30.0,52.0,1.458879,102.149737,1.37,32.0,6,239.0,-0.92,4.13,0.0
1789009544.4950113,30.0,52.0,1.458879,102.149737,0.93,31.4,7,239.0,-0.9,4.13,0.0
1789009545.489436,30.0,52.0,1.458879,102.149737,0.07,30.9,7,239.0,-0.93,4.13,0.0
1789009546.5041206,30.0,52.0,1.458889,102.149744,0.11,30.3,7,239.0,-0.87,4.13,0.0
1789009547.4988482,30.0,52.0,1.458889,102.149744,0.37,29.6,7,239.0,-0.92,4.13,0.0
1789009548.5318954,30.0,52.0,1.458889,102.149744,0.57,29.1,7,239.0,-0.91,4.13,0.0
1789009549.5039713,30.0,52.0,1.458889,102.149744,0.31,28.5,7,239.0,-0.89,4.13,0.0
1789009550.5168915,30.0,52.0,1.458889,102.149744,0.11,27.6,7,239.0,-0.86,4.13,0.0
1789009551.5096273,30.0,52.0,1.458889,102.149744,0.31,27.1,7,239.0,-0.87,4.13,0.0
1789009552.5067148,30.0,52.0,1.458898,102.14975,0.35,27.4,7,239.0,-0.89,4.13,0.0
1789009553.54227,30.0,52.0,1.458898,102.14975,0.19,26.7,7,239.0,-0.9,4.13,0.0
1789009554.5152986,30.0,52.0,1.458898,102.14975,0.59,26.2,7,239.0,-0.88,4.13,0.0
1789009555.5302017,30.0,52.0,1.458898,102.14975,0.65,25.6,7,239.0,-0.9,4.13,0.0
1789009556.5222442,30.0,52.0,1.458912,102.149751,0.37,25.1,7,239.0,-0.91,4.13,0.0
1789009557.5152605,30.0,52.0,1.458912,102.149751,0.41,24.5,7,239.0,-0.94,4.13,0.0
1789009558.5481381,30.0,52.0,1.458912,102.149751,0.87,24.0,7,239.0,-0.96,4.13,0.0
1789009559.5238528,30.0,52.0,1.458912,102.149751,1.26,23.5,7,239.0,-0.88,4.13,0.0
1789009560.5377605,30.0,52.0,1.458912,102.149751,0.85,23.0,7,239.0,-0.88,4.13,0.0
1789009561.532715,30.0,52.0,1.458922,102.149753,0.83,22.4,6,239.0,-0.87,4.13,0.0
1789009562.5267315,30.0,52.0,1.458922,102.149753,0.91,21.8,6,239.0,-0.87,4.13,0.0
1789009563.5619295,30.0,52.0,1.458922,102.149753,0.69,21.3,6,239.0,-0.96,4.13,0.0
1789009564.5346878,30.0,52.0,1.458922,102.149753,0.56,20.7,6,239.0,-0.9,4.13,0.0
1789009565.5302908,30.0,52.0,1.458922,102.149753,0.31,20.0,6,239.0,-0.89,4.13,0.0
1789009566.5454364,30.0,52.0,1.458933,102.149754,0.13,19.4,6,239.0,-0.86,4.13,0.0
1789009567.5391066,30.0,52.0,1.458933,102.149754,0.39,18.8,6,239.0,-0.91,4.13,0.0
1789009568.5737026,30.0,52.0,1.458933,102.149754,0.56,18.4,6,239.0,-1.02,4.12,0.0
1789009569.5445185,30.0,52.0,1.458933,102.149754,0.2,17.9,6,239.0,-0.87,4.13,0.0
1789009570.561273,30.0,52.0,1.458919,102.149758,0.28,17.5,6,239.0,-0.91,4.13,0.0
1789009571.5530562,30.0,52.0,1.458919,102.149758,0.15,17.0,7,239.0,-0.93,4.13,0.0
1789009572.5459719,30.0,52.0,1.458908,102.149761,0.07,16.7,7,239.0,-0.89,4.13,0.0
1789009573.580041,30.0,52.0,1.458908,102.149761,0.07,16.4,7,239.0,-0.92,4.13,0.0
1789009574.5517192,30.0,52.0,1.458908,102.149761,0.13,16.1,7,239.0,-0.9,4.13,0.0
1789009575.5665543,30.0,52.0,1.458908,102.149761,0.09,15.9,7,239.0,-0.88,4.13,0.0
1789009576.5612586,30.0,52.0,1.458896,102.149763,0.35,15.6,7,239.0,-0.89,4.13,0.0
1789009577.555885,30.0,52.0,1.458896,102.149763,1.15,15.4,7,239.0,-0.9,4.13,0.0
1789009578.5990524,30.0,52.0,1.458884,102.149764,0.43,15.3,7,239.0,-0.9,4.13,0.0
1789009579.5773118,30.0,52.0,1.458884,102.149764,0.15,15.0,7,239.0,-0.92,4.13,0.0
1789009580.5733423,30.0,52.0,1.45887,102.149766,0.17,14.6,7,239.0,-0.91,4.13,0.0
1789009581.571518,30.0,52.0,1.45887,102.149766,0.13,14.3,7,239.0,-0.94,4.13,0.0
1789009582.569299,30.0,52.0,1.458859,102.149769,0.59,14.0,7,239.0,-0.93,4.13,0.0
1789009583.6021557,30.0,52.0,1.458859,102.149769,0.83,13.6,7,239.0,-0.9,4.13,0.0
1789009584.5745275,30.0,52.0,1.458859,102.149769,0.74,13.2,7,239.0,-0.92,4.13,0.0
1789009585.589468,30.0,52.0,1.458846,102.149774,0.52,12.8,7,239.0,-0.95,4.13,0.0
1789009586.583481,30.0,52.0,1.458846,102.149774,0.39,12.4,7,239.0,-0.9,4.13,0.0
1789009587.5785902,30.0,52.0,1.458846,102.149774,0.3,11.9,7,239.0,-0.89,4.13,0.0
1789009588.6039324,30.0,52.0,1.458834,102.149779,0.39,11.4,7,239.0,-0.9,4.13,0.0
1789009589.58217,30.0,52.0,1.458834,102.149779,0.17,11.0,7,239.0,-0.9,4.13,0.0
1789009590.5978968,30.0,52.0,1.458834,102.149779,0.19,10.5,7,239.0,-1.05,4.12,0.0
1789009591.595649,30.0,52.0,1.458825,102.149784,0.5,9.9,7,239.0,-0.9,4.13,0.0
1789009592.5894117,30.0,52.0,1.458825,102.149784,0.13,9.4,7,239.0,-0.91,4.13,0.0
1789009593.6269455,30.0,52.0,1.458825,102.149784,0.04,8.9,7,239.0,-0.93,4.13,0.0
1789009594.599787,30.0,52.0,1.458825,102.149784,0.19,8.4,7,239.0,-0.91,4.13,0.0
1789009595.5972495,30.0,52.0,1.458825,102.149784,0.07,7.9,7,239.0,-0.89,4.13,0.0
1789009596.601786,30.0,52.0,1.458813,102.149791,0.13,7.6,7,239.0,-0.9,4.13,0.0
1789009597.599033,30.0,52.0,1.458813,102.149791,0.93,7.2,7,239.0,-0.93,4.13,0.0
1789009598.6185308,30.0,52.0,1.458813,102.149791,1.65,6.9,7,239.0,-0.93,4.13,0.0
1789009599.6164906,30.0,52.0,1.458813,102.149791,1.24,6.5,7,239.0,-0.86,4.13,0.0
1789009600.6145575,30.0,52.0,1.458813,102.149791,0.72,6.1,7,239.0,-1.0,4.12,0.0
1789009601.6122367,30.0,52.0,1.458803,102.149795,1.39,5.8,7,239.0,-0.86,4.13,0.0
1789009602.6153185,30.0,52.0,1.458803,102.149795,0.87,5.6,7,239.0,-0.85,4.13,0.0
1789009603.6324217,30.0,52.0,1.458803,102.149795,1.13,5.4,7,239.0,-0.91,4.13,0.0
1789009604.627192,30.0,52.0,1.458803,102.149795,1.17,5.1,7,239.0,-0.87,4.13,0.0
1789009605.6233587,30.0,52.0,1.458803,102.149795,1.22,4.7,7,239.0,-0.87,4.13,0.0
1789009606.6201682,30.0,52.0,1.458789,102.1498,0.72,4.1,7,239.0,-0.87,4.13,0.0
1789009607.616391,30.0,52.0,1.458789,102.1498,0.24,3.5,7,239.0,-0.88,4.13,0.0
1789009608.6537416,30.0,52.0,1.458789,102.1498,0.17,3.2,7,239.0,-0.91,4.13,0.0
1789009609.6317928,30.0,52.0,1.458789,102.1498,0.28,2.7,7,239.0,-0.88,4.13,0.0
1789009610.6245701,30.0,52.0,1.458789,102.1498,0.52,2.2,7,239.0,-0.86,4.13,0.0
1789009611.6332161,30.0,52.0,1.458789,102.1498,0.11,1.8,7,239.0,-0.87,4.13,0.0
1789009612.6261559,30.0,52.0,1.458789,102.1498,0.09,1.4,7,239.0,-0.99,4.12,0.0
1789009613.6423473,30.0,52.0,1.458789,102.1498,0.17,1.1,6,239.0,-0.99,4.13,0.0
1789009614.6366186,30.0,52.0,1.458789,102.1498,0.65,0.9,6,239.0,-0.89,4.13,0.0
1789009615.6307425,30.0,52.0,1.458789,102.1498,0.65,0.8,7,239.0,-0.87,4.13,0.0
1789009616.6243567,30.0,52.0,1.458789,102.1498,1.72,0.7,7,239.0,-0.89,4.13,0.0
1789009617.6388183,30.0,52.0,1.458789,102.1498,0.98,0.6,7,239.0,-0.89,4.13,0.0
1789009618.6542354,30.0,52.0,1.458799,102.149807,0.63,0.4,7,239.0,-0.91,4.13,0.0
1789009619.6465323,30.0,52.0,1.458799,102.149807,0.06,0.3,7,239.0,-0.87,4.13,0.0
1789009620.6423252,30.0,52.0,1.458799,102.149807,0.24,0.2,7,239.0,-0.89,4.13,0.0
1789009621.6358726,30.0,52.0,1.458816,102.149806,0.81,0.1,7,239.1,-0.84,4.13,0.0
1789009622.6509447,30.0,52.0,1.458816,102.149806,0.15,0.1,7,239.1,-0.84,4.13,0.0
1789009623.6660502,30.0,52.0,1.458816,102.149806,0.22,0.1,7,239.1,-0.9,4.13,0.0
1789009624.637965,30.0,52.0,1.458816,102.149806,0.54,0.2,7,239.1,-0.8,4.13,0.0
1789009625.6512074,30.0,52.0,1.458816,102.149806,0.72,0.7,7,239.1,-0.97,4.12,0.0
1789009626.6451123,30.0,52.0,1.458816,102.149806,0.44,0.7,7,239.1,-0.97,4.12,0.0
1789009627.6592278,30.0,52.0,1.458816,102.149806,0.74,0.8,7,239.1,-0.81,4.13,0.0
1789009628.670969,30.0,52.0,1.458816,102.149806,0.59,0.7,7,239.1,-0.88,4.13,0.0
1789009629.6638746,30.0,52.0,1.458816,102.149806,0.54,1.0,7,239.1,-1.11,4.13,0.0
1789009630.656138,30.0,52.0,1.458816,102.149806,0.15,1.2,7,239.1,-1.1,4.13,0.0
1789009631.6491745,30.0,52.0,1.458816,102.149806,0.07,1.5,7,239.1,-1.01,4.13,0.0
1789009632.6612837,30.0,52.0,1.458816,102.149806,0.13,1.6,7,211.1,-1.42,4.1,0.0
1789009633.674523,30.0,52.0,1.458816,102.149806,0.33,2.0,7,190.6,-1.33,4.12,0.0
1789009634.668318,30.0,52.0,1.458826,102.149813,0.78,2.5,7,184.9,-1.29,4.11,0.0
1789009635.6766162,30.0,52.0,1.458826,102.149813,0.56,2.7,7,214.7,-1.09,4.13,0.0
1789009636.6698465,30.0,52.0,1.458844,102.149811,0.52,3.2,7,270.8,-0.98,4.14,0.0
1789009637.6767163,30.0,52.0,1.458844,102.149811,1.13,3.5,7,304.3,-0.47,4.17,0.0
1789009638.6984303,30.0,52.0,1.458844,102.149811,0.89,3.9,7,287.9,-0.46,4.17,0.0
1789009639.6709862,30.0,52.0,1.458844,102.149811,0.43,4.1,7,262.0,-0.85,4.14,0.0
1789009640.6830525,30.0,52.0,1.458844,102.149811,1.67,4.5,7,234.9,-0.77,4.14,0.0
1789009641.6760335,30.0,52.0,1.458844,102.149811,1.09,4.7,7,227.9,-0.38,4.17,0.0
1789009642.6730416,30.0,52.0,1.458858,102.14981,0.17,4.7,7,232.2,-0.47,4.17,0.0
1789009643.7055771,30.0,52.0,1.458858,102.14981,0.41,4.6,7,232.4,-0.45,4.17,0.0
1789009644.6883671,30.0,52.0,1.458858,102.14981,0.22,4.7,7,232.3,-0.42,4.17,0.0
1789009645.681401,30.0,52.0,1.458875,102.149811,0.19,5.0,7,232.3,-0.41,4.17,0.0
1789009646.6948118,30.0,52.0,1.458875,102.149811,0.44,4.9,7,232.3,-0.39,4.17,0.0
1789009647.6877913,30.0,52.0,1.458875,102.149811,0.31,5.2,7,232.3,-0.39,4.17,0.0
1789009648.7226918,30.0,52.0,1.458875,102.149811,0.13,5.3,7,232.3,-0.47,4.16,0.0
1789009649.6968558,30.0,52.0,1.458875,102.149811,0.06,5.6,7,232.3,-0.41,4.17,0.0
1789009650.691001,30.0,52.0,1.458864,102.149815,0.2,5.9,7,232.3,-0.4,4.17,0.0
1789009651.7033982,30.0,52.0,1.458864,102.149815,0.2,6.1,7,232.3,-0.41,4.17,0.0
1789009652.69608,30.0,52.0,1.458864,102.149815,0.2,6.2,7,232.3,-0.43,4.17,0.0
1789009653.7342792,30.0,52.0,1.458864,102.149815,0.28,6.2,7,232.3,-0.36,4.17,0.0
1789009654.7068508,30.0,52.0,1.458852,102.149818,0.3,6.1,7,232.3,-0.36,4.18,0.0
1789009655.7017422,30.0,52.0,1.458852,102.149818,0.24,6.1,7,232.3,-0.35,4.18,0.0
1789009656.7163548,30.0,52.0,1.458852,102.149818,0.11,6.2,7,232.3,-0.32,4.18,0.0
1789009657.7085187,30.0,52.0,1.458852,102.149818,0.09,6.3,7,232.3,-0.31,4.18,0.0
1789009658.7415273,30.0,52.0,1.458838,102.14982,0.2,6.2,7,232.3,-0.33,4.18,0.0
1789009659.713508,30.0,52.0,1.458838,102.14982,0.37,6.2,7,232.3,-0.29,4.18,0.0
1789009660.7111278,30.0,52.0,1.458838,102.14982,0.41,6.1,7,232.3,-0.43,4.17,0.0
1789009661.723655,30.0,52.0,1.458823,102.149824,0.43,6.0,7,232.3,-0.25,4.18,0.0
1789009662.7196772,30.0,52.0,1.458823,102.149824,0.48,5.8,7,232.3,-0.3,4.18,0.0
1789009663.7371845,30.0,52.0,1.458823,102.149824,0.67,5.8,7,232.3,-0.31,4.18,0.0
1789009664.7200491,30.0,52.0,1.458811,102.149827,0.87,5.6,7,232.3,-0.3,4.18,0.0
1789009665.7137814,30.0,52.0,1.458811,102.149827,0.94,5.6,7,232.3,-0.28,4.18,0.0
1789009666.7295625,30.0,52.0,1.458811,102.149827,1.04,5.3,6,232.3,-0.24,4.18,0.0
1789009667.7245655,30.0,52.0,1.458798,102.14983,0.41,5.0,6,232.3,-0.24,4.18,0.0
1789009668.75809,30.0,52.0,1.458798,102.14983,0.07,4.6,6,232.3,-0.28,4.18,0.0
1789009669.729161,30.0,52.0,1.458798,102.14983,0.06,4.3,6,232.3,-0.3,4.18,0.0
1789009670.74488,30.0,52.0,1.458784,102.149834,0.17,4.0,6,232.3,-0.29,4.18,0.0
1789009671.7403483,30.0,52.0,1.458784,102.149834,0.07,3.9,7,232.3,-0.23,4.18,0.0
1789009672.7336757,30.0,52.0,1.458784,102.149834,0.63,3.5,7,232.3,-0.24,4.18,0.0
1789009673.7668009,30.0,52.0,1.458784,102.149834,1.06,3.2,7,232.3,-0.25,4.18,0.0
1789009674.7403624,30.0,52.0,1.458784,102.149834,1.43,2.9,7,232.3,-0.25,4.18,0.0
1789009675.756359,30.0,52.0,1.458772,102.149839,0.15,2.6,7,232.3,-0.21,4.18,0.0
1789009676.7520485,30.0,52.0,1.458772,102.149839,0.35,2.2,7,232.3,-0.27,4.18,0.0
1789009677.752117,30.0,52.0,1.458772,102.149839,0.17,1.8,7,232.3,-0.23,4.18,0.0
1789009678.7664557,30.0,52.0,1.458761,102.149842,0.76,1.5,7,232.3,-0.3,4.17,0.0
1789009679.7631097,30.0,52.0,1.458761,102.149842,0.56,1.1,7,232.3,-0.33,4.18,0.0
1789009680.7554774,30.0,52.0,1.458761,102.149842,0.07,0.8,7,232.3,-0.24,4.18,0.0
1789009681.7742755,30.0,52.0,1.458749,102.149845,0.2,0.4,7,232.3,-0.23,4.18,0.0
1789009682.7679849,30.0,52.0,1.458749,102.149845,0.04,-0.1,7,232.3,-0.27,4.19,0.0
1789009683.7844174,30.0,52.0,1.458749,102.149845,0.83,-0.6,7,232.3,-0.28,4.18,0.0
1789009684.7620173,30.0,52.0,1.458737,102.149848,1.0,-1.1,7,232.3,-0.23,4.18,0.0
1789009685.758406,30.0,52.0,1.458737,102.149848,1.13,-1.6,7,232.3,-0.24,4.19,0.0
1789009686.7592142,30.0,52.0,1.458737,102.149848,0.19,-2.1,7,232.3,-0.21,4.19,0.0
1789009687.7763848,30.0,52.0,1.458724,102.149852,0.06,-2.6,7,232.3,-0.19,4.19,0.0
1789009713.7743378,30.0,52.0,1.458754,102.14985,2.22,-9.0,7,232.3,-0.12,4.19,0.0
1789009714.7367048,30.0,52.0,1.458754,102.14985,1.72,-9.3,7,232.3,-0.1,4.19,0.0
1789009715.7445767,30.0,52.0,1.458737,102.149856,0.11,-9.8,7,232.3,0.0,4.19,0.0
1789009716.7470074,30.0,52.0,1.458737,102.149856,1.15,-10.1,7,232.3,-0.12,4.19,0.0
1789009717.7467248,30.0,52.0,1.458737,102.149856,2.94,-10.4,7,232.3,-0.1,4.19,0.0
1789009718.7720335,30.0,52.0,1.458737,102.149856,1.93,-10.6,7,232.3,-0.13,4.18,0.0
1789009719.7492955,30.0,52.0,1.458749,102.149855,0.87,-10.9,7,232.3,-0.17,4.18,0.0
1789009720.7490134,30.0,52.0,1.458762,102.149853,0.72,-10.6,6,232.3,-0.14,4.19,0.0
1789009721.7699482,30.0,52.0,1.458781,102.14985,0.41,-10.2,6,232.3,-0.12,4.18,0.0
1789009722.7631202,30.0,52.0,1.458801,102.149845,0.57,-9.7,6,232.3,-0.11,4.19,0.0
1789009723.7911432,30.0,52.0,1.458816,102.149843,0.09,-9.4,6,232.3,-0.18,4.18,0.0
1789009724.774037,30.0,52.0,1.458832,102.14984,0.15,-9.0,6,232.3,-0.17,4.19,0.0
1789009725.770896,30.0,52.0,1.458853,102.149837,0.52,-8.4,6,232.3,-0.12,4.18,0.0
1789009726.7683008,30.0,52.0,1.458871,102.149833,0.85,-7.9,6,232.3,-0.12,4.19,0.0
1789009727.7848077,30.0,52.0,1.45889,102.14983,1.26,-7.5,6,232.3,-0.21,4.18,0.0
1789009728.807571,30.0,52.0,1.458908,102.149827,1.19,-7.1,6,232.3,-0.2,4.18,0.0
1789009729.7908626,30.0,52.0,1.458921,102.149825,0.65,-6.7,6,232.3,-0.14,4.18,0.0
1789009730.7902794,30.0,52.0,1.458936,102.149823,0.81,-6.4,6,232.3,-0.11,4.18,0.0
1789009731.79146,30.0,52.0,1.458946,102.149821,1.3,-6.2,6,232.3,-0.11,4.18,0.0
1789009732.7856884,30.0,52.0,1.458946,102.149821,0.93,-5.9,6,232.3,-0.11,4.18,0.0
1789009733.8255785,30.0,52.0,1.458975,102.149817,1.02,-5.5,6,232.3,-0.15,4.18,0.0
1789009734.7847323,30.0,52.0,1.45899,102.149814,1.78,-5.4,6,232.3,-0.11,4.18,0.0
1789009735.7974088,30.0,52.0,1.45899,102.149814,2.35,-5.4,6,232.3,-0.12,4.18,0.0
1789009736.7966785,30.0,52.0,1.459006,102.149812,2.06,-5.4,6,232.3,-0.15,4.18,0.0
1789009737.8091505,30.0,52.0,1.459006,102.149812,3.57,-5.2,6,232.3,-0.13,4.18,0.0
1789009738.8240812,30.0,52.0,1.459027,102.149809,2.65,-5.1,6,232.3,-0.16,4.18,0.0
1789009739.8166585,30.0,52.0,1.459038,102.149807,1.26,-5.0,6,232.3,-0.16,4.18,0.0
1789009740.8100474,30.0,52.0,1.459051,102.149805,0.81,-4.8,6,232.3,-0.14,4.18,0.0
1789009741.8018372,30.0,52.0,1.459051,102.149805,0.33,-4.9,7,232.3,-0.15,4.18,0.0
1789009742.8040879,30.0,52.0,1.459051,102.149805,0.13,-4.8,7,232.3,-0.16,4.18,0.0
1789009743.8394978,30.0,52.0,1.459051,102.149805,0.87,-4.8,7,232.3,-0.16,4.19,0.0
1789009744.8152452,30.0,52.0,1.45904,102.149806,1.54,-4.9,7,232.3,-0.15,4.18,0.0
1789009745.828258,30.0,52.0,1.45904,102.149806,1.31,-5.0,7,232.3,-0.24,4.18,0.0
1789009746.825148,30.0,52.0,1.45904,102.149806,0.63,-5.0,7,232.3,-0.24,4.18,0.0
1789009747.8208585,30.0,52.0,1.45904,102.149806,0.33,-5.1,7,232.3,-0.2,4.18,0.0
1789009748.8567061,30.0,52.0,1.459029,102.149807,0.06,-5.3,7,232.3,-0.15,4.18,0.0
1789009749.8291514,30.0,52.0,1.459029,102.149807,0.39,-5.5,7,232.3,-0.15,4.18,0.0
1789009750.822183,30.0,52.0,1.459029,102.149807,0.2,-5.6,7,232.3,-0.16,4.18,0.0
1789009751.8341782,30.0,52.0,1.459029,102.149807,0.43,-5.6,7,232.3,-0.15,4.18,0.0
1789009752.8282669,30.0,52.0,1.459014,102.14981,0.61,-5.7,7,232.3,-0.17,4.18,0.0
1789009753.843574,30.0,52.0,1.459014,102.14981,0.17,-5.8,7,232.3,-0.16,4.18,0.0
1789009754.839382,30.0,52.0,1.459014,102.14981,2.63,-5.8,7,232.3,-0.17,4.18,0.0
1789009755.8346055,30.0,52.0,1.459,102.149811,2.04,-5.8,7,232.3,-0.18,4.18,0.0
1789009756.848081,30.0,52.0,1.459,102.149811,0.74,-6.0,7,232.3,-0.19,4.18,0.0
1789009757.8406396,30.0,52.0,1.458984,102.149814,0.52,-6.2,7,232.3,-0.19,4.18,0.0
1789009758.8726013,30.0,52.0,1.458984,102.149814,0.11,-6.3,7,232.3,-0.27,4.18,0.0
1789009759.8447144,30.0,52.0,1.458968,102.149816,0.93,-6.3,7,232.3,-0.15,4.18,0.0
1789009760.8611593,30.0,52.0,1.458968,102.149816,1.44,-6.4,7,232.3,-0.15,4.18,0.0
1789009761.8549027,30.0,52.0,1.458949,102.149818,1.17,-6.5,7,232.3,-0.19,4.18,0.0
1789009762.8687077,30.0,52.0,1.458949,102.149818,0.85,-6.6,6,232.3,-0.14,4.18,0.0
1789009763.8820734,30.0,52.0,1.458931,102.14982,0.89,-6.7,6,232.3,-0.15,4.18,0.0
1789009764.8546488,30.0,52.0,1.458931,102.14982,1.2,-6.6,6,232.3,-0.15,4.18,0.0
1789009765.8705308,30.0,52.0,1.458918,102.149821,0.93,-6.6,6,232.3,-0.15,4.18,0.0
1789009766.8662555,30.0,52.0,1.458918,102.149821,0.04,-6.5,6,232.3,-0.15,4.19,0.0
1789009767.859957,30.0,52.0,1.458918,102.149821,0.39,-6.5,6,232.3,-0.17,4.18,0.0
1789009768.8931549,30.0,52.0,1.458906,102.149823,0.46,-6.5,7,232.3,-0.17,4.19,0.0
1789009769.865681,30.0,52.0,1.458906,102.149823,0.07,-6.6,7,232.3,-0.14,4.19,0.0
1789009770.8592982,30.0,52.0,1.458906,102.149823,0.44,-6.6,7,232.3,-0.16,4.18,0.0
1789009771.8736632,30.0,52.0,1.458906,102.149823,0.46,-6.6,7,232.3,-0.26,4.18,0.0
1789009772.8664021,30.0,52.0,1.458906,102.149823,0.59,-6.5,7,232.3,-0.17,4.19,0.0
1789009773.8811812,30.0,52.0,1.458906,102.149823,0.63,-6.5,7,232.3,-0.15,4.18,0.0
1789009774.874819,30.0,52.0,1.45892,102.149823,0.72,-6.3,7,232.3,-0.15,4.18,0.0
1789009775.869564,30.0,52.0,1.45892,102.149823,0.81,-6.3,7,232.3,-0.15,4.18,0.0
1789009776.882676,30.0,52.0,1.458931,102.149822,0.41,-6.3,7,232.3,-0.14,4.19,0.0
1789009777.8766134,30.0,52.0,1.458931,102.149822,1.24,-6.2,7,232.3,-0.16,4.19,0.0
1789009778.9098372,30.0,52.0,1.458943,102.149821,1.02,-6.1,7,232.3,-0.17,4.18,0.0
1789009779.8825114,30.0,52.0,1.458943,102.149821,0.63,-6.1,7,232.3,-0.14,4.19,0.0
1789009780.8944197,30.0,52.0,1.458943,102.149821,0.54,-6.2,7,232.3,-0.14,4.18,0.0
1789009781.8877974,30.0,52.0,1.458943,102.149821,0.93,-6.3,7,232.3,-0.15,4.18,0.0
1789009782.9006457,30.0,52.0,1.458956,102.14982,1.15,-6.4,7,232.3,-0.13,4.18,0.0
1789009783.916985,30.0,52.0,1.458956,102.14982,0.52,-6.3,7,232.3,-0.16,4.18,0.0
1789009784.8905966,30.0,52.0,1.458971,102.149817,0.35,-6.2,7,232.3,-0.14,4.19,0.0
1789009785.9044938,30.0,52.0,1.458971,102.149817,0.13,-6.2,7,232.3,-0.11,4.19,0.0
1789009786.9004037,30.0,52.0,1.458983,102.149816,0.13,-6.2,7,232.3,-0.21,4.18,0.0
1789009787.9132068,30.0,52.0,1.458983,102.149816,0.07,-6.3,7,232.3,-0.12,4.18,0.0
1789009788.9272354,30.0,52.0,1.458995,102.149814,0.13,-6.3,7,232.3,-0.17,4.18,0.0
1789009789.901707,30.0,52.0,1.458995,102.149814,0.85,-6.4,7,232.3,-0.15,4.19,0.0
1789009790.9142034,30.0,52.0,1.458995,102.149814,0.57,-6.2,7,232.3,-0.15,4.19,0.0
1789009791.905578,30.0,52.0,1.458984,102.149812,0.11,-6.0,7,232.3,-0.14,4.18,0.0
1789009792.9232748,30.0,52.0,1.458984,102.149812,0.33,-5.9,7,232.3,-0.11,4.19,0.0
1789009793.9378796,30.0,52.0,1.458969,102.149812,0.59,-5.9,7,232.3,-0.18,4.18,0.0
1789009794.9148383,30.0,52.0,1.458969,102.149812,0.8,-5.8,7,232.3,-0.14,4.18,0.0
1789009795.9075115,30.0,52.0,1.458949,102.149813,0.91,-5.8,7,232.3,-0.16,4.19,0.0
1789009796.9251764,30.0,52.0,1.458949,102.149813,0.54,-5.7,7,232.3,-0.14,4.19,0.0
1789009797.9213665,30.0,52.0,1.458934,102.149814,0.11,-5.8,7,232.3,-0.18,4.19,0.0
1789009798.9363163,30.0,52.0,1.458934,102.149814,0.09,-5.7,7,232.3,-0.18,4.18,0.0
1789009799.9310408,30.0,52.0,1.45892,102.149815,0.28,-5.8,7,232.3,-0.14,4.19,0.0
1789009800.9266288,30.0,52.0,1.45892,102.149815,1.46,-5.9,7,232.3,-0.18,4.19,0.0
1789009801.9282537,30.0,52.0,1.4589,102.149817,1.76,-6.0,7,232.3,-0.13,4.19,0.0
1789009802.9210603,30.0,52.0,1.4589,102.149817,1.31,-6.0,7,232.3,-0.13,4.18,0.0
1789009803.9542828,30.0,52.0,1.458886,102.149819,1.24,-5.9,7,232.3,-0.18,4.18,0.0
1789009804.931229,30.0,52.0,1.458886,102.149819,1.39,-5.8,7,232.3,-0.15,4.19,0.0
1789009805.929468,30.0,52.0,1.458875,102.14982,1.44,-5.6,7,232.3,-0.14,4.18,0.0
1789009806.9311337,30.0,52.0,1.458875,102.14982,0.61,-5.5,7,232.3,-0.16,4.18,0.0
1789009807.9283862,30.0,52.0,1.458875,102.14982,0.41,-5.3,7,232.3,-0.24,4.18,0.0
1789009808.9610531,30.0,52.0,1.458875,102.14982,0.28,-5.1,7,232.3,-0.26,4.18,0.0
1789009809.9337265,30.0,52.0,1.458875,102.14982,0.31,-4.9,7,232.3,-0.16,4.19,0.0
1789009810.946606,30.0,52.0,1.458875,102.14982,0.15,-4.7,7,232.3,-0.12,4.19,0.0
1789009811.9449737,30.0,52.0,1.458875,102.14982,0.02,-4.5,7,232.3,-0.14,4.18,0.0
1789009812.9406762,30.0,52.0,1.458875,102.14982,0.61,-4.2,7,232.3,-0.16,4.19,0.0
1789009813.9580348,30.0,52.0,1.458875,102.14982,0.5,-3.7,7,232.3,-0.19,4.18,0.0
1789009814.9530485,30.0,52.0,1.458875,102.14982,0.2,-3.3,7,232.3,-0.14,4.19,0.0
1789009815.947719,30.0,52.0,1.458875,102.14982,0.56,-2.9,7,232.3,-0.15,4.19,0.0
1789009816.946678,30.0,52.0,1.458875,102.14982,1.39,-2.7,7,232.3,-0.13,4.19,0.0
1789009817.944586,30.0,52.0,1.458875,102.14982,1.76,-2.3,7,232.3,-0.16,4.19,0.0
1789009818.9808693,30.0,52.0,1.458875,102.14982,0.13,-1.9,7,232.3,-0.22,4.18,0.0
1789009819.9574316,30.0,52.0,1.458875,102.14982,0.15,-1.6,7,232.3,-0.12,4.19,0.0
1789009820.9540074,30.0,52.0,1.458875,102.14982,0.15,-1.1,7,232.3,-0.12,4.19,0.0
1789009821.9495482,30.0,52.0,1.458882,102.149811,0.63,-0.7,7,232.3,-0.26,4.18,0.0
1789009822.9655333,30.0,52.0,1.458882,102.149811,1.72,-0.4,7,232.3,-0.11,4.18,0.0
1789009823.9796393,30.0,51.0,1.458882,102.149811,0.46,-0.2,7,232.3,-0.16,4.18,0.0
1789009824.9740627,30.0,51.0,1.458882,102.149811,0.63,0.0,7,232.3,-0.16,4.18,0.0
1789009825.9690914,30.0,51.0,1.458882,102.149811,0.17,0.3,7,232.3,-0.13,4.19,0.0
1789009826.961515,30.0,51.0,1.458882,102.149811,0.44,0.5,7,232.3,-0.15,4.18,0.0
1789009827.9777327,30.0,51.0,1.458882,102.149811,0.33,0.6,7,232.3,-0.12,4.18,0.0
1789009828.9905975,30.0,52.0,1.458882,102.149811,0.3,0.8,7,232.3,-0.17,4.18,0.0
1789009829.9831662,30.0,52.0,1.458882,102.149811,0.35,1.1,7,232.3,-0.14,4.18,0.0
1789009830.9775252,30.0,52.0,1.458882,102.149811,0.48,1.3,7,232.3,-0.13,4.18,0.0
1789009831.9725688,30.0,52.0,1.458882,102.149811,0.56,1.6,7,232.3,-0.13,4.18,0.0
1789009832.9871612,30.0,52.0,1.458882,102.149811,1.37,1.8,7,232.3,-0.16,4.18,0.0
1789009834.0040004,30.0,52.0,1.458892,102.149805,1.93,2.1,7,232.3,-0.19,4.18,0.0
1789009834.979272,30.0,52.0,1.458892,102.149805,0.76,2.6,7,232.3,-0.16,4.19,0.0
1789009835.9916484,30.0,52.0,1.458903,102.149802,0.11,3.3,7,232.3,-0.15,4.18,0.0
1789009836.984989,30.0,52.0,1.458903,102.149802,0.24,3.7,7,232.3,-0.15,4.18,0.0
1789009837.9801602,30.0,52.0,1.458903,102.149802,0.65,4.1,7,232.3,-0.14,4.18,0.0
1789009839.0154457,30.0,52.0,1.458903,102.149802,1.19,4.8,7,232.3,-0.15,4.19,0.0
1789009839.9894812,30.0,52.0,1.45892,102.149799,0.56,5.3,7,232.3,-0.12,4.18,0.0
1789009840.9912548,30.0,52.0,1.45892,102.149799,0.11,5.6,7,232.3,-0.15,4.18,0.0
1789009841.9895854,30.0,52.0,1.458932,102.149798,0.0,5.9,7,232.3,-0.16,4.18,0.0
1789009843.0076256,30.0,52.0,1.458932,102.149798,0.0,6.2,7,232.3,-0.15,4.18,0.0
1789009844.030627,30.0,51.0,1.458932,102.149798,0.07,6.6,7,232.3,-0.18,4.18,0.0
1789009845.002541,30.0,51.0,1.458932,102.149798,0.0,7.1,7,232.3,-0.15,4.19,0.0
1789009846.000312,30.0,51.0,1.458932,102.149798,0.22,7.5,7,232.3,-0.15,4.18,0.0
1789009847.0179396,30.0,51.0,1.458932,102.149798,0.28,8.0,7,232.3,-0.14,4.19,0.0
1789009848.014314,30.0,51.0,1.458945,102.149797,0.11,8.3,7,232.3,-0.14,4.18,0.0
1789009849.0274727,30.0,51.0,1.458945,102.149797,0.31,8.5,7,232.3,-0.19,4.18,0.0
1789009850.0009403,30.0,51.0,1.458945,102.149797,0.11,9.1,7,232.3,-0.15,4.18,0.0
1789009851.0066466,30.0,51.0,1.458945,102.149797,1.06,9.8,7,225.4,-0.7,4.14,0.0
1789009852.0093122,30.0,51.0,1.458945,102.149797,1.13,10.7,7,257.4,-0.41,4.16,0.0
1789009853.0051384,30.0,51.0,1.458963,102.149795,1.26,13.6,7,211.2,-0.43,4.16,0.0
1789009854.0442457,30.0,52.0,1.458963,102.149795,0.39,14.7,7,230.2,-0.5,4.15,0.0
1789009855.0106049,30.0,52.0,1.458963,102.149795,0.83,16.2,7,235.8,-0.31,4.17,0.0
1789009856.026326,30.0,52.0,1.458963,102.149795,0.26,16.9,7,235.9,-0.14,4.18,0.0
1789009857.0220003,30.0,52.0,1.458963,102.149795,0.96,17.3,7,235.9,-0.14,4.18,0.0
1789009858.0219097,30.0,52.0,1.458963,102.149795,0.89,18.8,7,235.9,-0.13,4.18,0.0
1789009859.0493321,30.0,51.0,1.458963,102.149795,1.28,19.0,7,235.9,-0.14,4.18,0.0
1789009860.0293283,30.0,51.0,1.458949,102.149794,1.83,19.4,7,235.9,-0.22,4.18,0.0
1789010111.0416787,30.0,51.0,1.458874,102.149774,0.13,87.4,7,235.9,-0.19,4.19,0.0
1789010112.0184362,30.0,51.0,1.458874,102.149774,0.2,87.2,7,235.9,-0.11,4.19,0.0
1789010113.011346,30.0,51.0,1.458874,102.149774,0.17,86.8,7,235.9,-0.11,4.19,0.0
1789010114.0281157,30.0,51.0,1.458874,102.149774,0.11,86.3,7,235.9,-0.13,4.19,0.0
1789010115.0187125,30.0,51.0,1.458874,102.149774,0.24,85.9,7,235.9,-0.1,4.19,0.0
1789010116.0509636,30.0,51.0,1.458874,102.149774,0.5,85.6,7,235.9,-0.16,4.19,0.0
1789010117.0250173,30.0,51.0,1.458874,102.149774,0.17,85.1,7,235.9,-0.14,4.19,0.0
1789010118.0280004,30.0,51.0,1.458874,102.149774,0.19,84.6,7,235.9,-0.27,4.18,0.0
1789010119.0222085,30.0,51.0,1.458874,102.149774,0.09,84.1,7,235.9,-0.21,4.18,0.0
1789010120.0330572,30.0,51.0,1.458874,102.149774,0.17,83.8,7,235.9,-0.13,4.19,0.0
1789010121.05269,30.0,51.0,1.458874,102.149774,0.2,83.0,7,235.9,-0.14,4.19,0.0
1789010122.0250835,30.0,51.0,1.458874,102.149774,0.06,82.2,7,235.9,-0.15,4.19,0.0
1789010123.026958,30.0,51.0,1.458862,102.149777,0.07,81.6,7,235.9,-0.18,4.18,0.0
1789010124.0387254,30.0,51.0,1.458862,102.149777,0.02,81.0,7,235.9,-0.17,4.19,0.0
1789010125.034309,30.0,51.0,1.458862,102.149777,0.11,80.4,7,235.9,-0.18,4.19,0.0
1789010126.0639188,30.0,51.0,1.458862,102.149777,0.3,79.8,7,235.9,-0.14,4.19,0.0
1789010127.0404184,30.0,51.0,1.458862,102.149777,0.3,79.2,7,235.9,-0.21,4.19,0.0
1789010128.0521605,30.0,51.0,1.458862,102.149777,0.07,78.6,7,235.9,-0.14,4.19,0.0
1789010129.0453687,30.0,51.0,1.458862,102.149777,0.17,78.1,7,235.9,-0.16,4.19,0.0
1789010130.0558589,30.0,51.0,1.458862,102.149777,0.13,77.7,7,235.9,-0.15,4.19,0.0
1789010131.0748823,30.0,51.0,1.458862,102.149777,0.37,77.5,7,235.9,-0.24,4.18,0.0
1789010132.0485651,30.0,51.0,1.458851,102.149779,0.3,77.0,7,235.9,-0.26,4.18,0.0
1789010133.0612652,30.0,51.0,1.458851,102.149779,0.04,77.1,6,235.9,-0.15,4.19,0.0
1789010134.0542386,30.0,51.0,1.458851,102.149779,0.24,77.0,6,235.9,-0.16,4.19,0.0
1789010135.0575922,30.0,51.0,1.458851,102.149779,0.04,77.1,6,235.9,-0.14,4.19,0.0
1789010136.0754268,30.0,51.0,1.458851,102.149779,0.2,77.2,6,235.9,-0.17,4.19,0.0
1789010137.0691125,30.0,51.0,1.458851,102.149779,0.31,77.2,6,235.9,-0.12,4.19,0.0
1789010138.0618174,30.0,51.0,1.458851,102.149779,0.07,77.2,6,235.9,-0.12,4.19,0.0
1789010139.0744686,30.0,51.0,1.458851,102.149779,0.13,76.9,6,235.9,0.0,4.19,0.0
1789010140.067879,30.0,51.0,1.458851,102.149779,0.09,76.7,6,235.9,-0.13,4.18,0.0
1789010141.1000805,30.0,51.0,1.458851,102.149779,0.24,76.4,6,235.9,-0.22,4.18,0.0
1789010142.0728872,30.0,51.0,1.458851,102.149779,0.31,76.2,6,235.9,-0.14,4.19,0.0
1789010143.0859146,30.0,51.0,1.458851,102.149779,0.02,76.1,6,235.9,-0.13,4.19,0.0
1789010144.078925,30.0,51.0,1.458851,102.149779,0.2,75.9,6,235.9,-0.12,4.19,0.0
1789010145.0893488,30.0,51.0,1.458851,102.149779,0.48,75.7,7,235.9,-0.14,4.19,0.0
1789010146.0985897,30.0,51.0,1.458851,102.149779,0.13,74.8,7,235.9,-0.11,4.19,0.0
1789010147.087992,30.0,51.0,1.458851,102.149779,0.04,74.1,7,235.9,-0.11,4.19,0.0
1789010148.0786712,30.0,51.0,1.458851,102.149779,0.39,73.5,7,235.9,-0.11,4.19,0.0
1789010149.0915663,30.0,51.0,1.458851,102.149779,1.04,72.9,7,235.9,-0.21,4.18,0.0
1789010150.1026123,30.0,51.0,1.458851,102.149779,0.39,72.2,7,235.9,-0.21,4.18,0.0
1789010151.111233,30.0,51.0,1.458851,102.149779,0.78,71.5,7,235.9,-0.16,4.19,0.0
1789010152.100249,30.0,51.0,1.458838,102.149779,0.24,70.6,7,235.9,-0.11,4.19,0.0
1789010153.109448,30.0,51.0,1.458838,102.149779,0.02,69.7,7,235.9,0.0,4.19,0.0
1789010154.1006653,30.0,51.0,1.458838,102.149779,0.15,69.1,7,235.9,-0.13,4.19,0.0
1789010155.110809,30.0,51.0,1.458838,102.149779,0.07,69.1,7,235.9,-0.11,4.19,0.0
1789010156.1424673,30.0,51.0,1.458838,102.149779,0.2,69.0,6,235.9,-0.14,4.19,0.0
1789010157.1110826,30.0,51.0,1.458838,102.149779,1.2,69.0,6,235.9,-0.12,4.19,0.0
1789010158.1228964,30.0,51.0,1.458838,102.149779,0.2,68.9,6,235.9,-0.11,4.19,0.0
1789010159.1136835,30.0,51.0,1.458838,102.149779,0.15,68.9,6,235.9,0.0,4.19,0.0
1789010160.1258986,30.0,51.0,1.458838,102.149779,0.24,68.9,6,235.9,0.0,4.19,0.0
1789010161.1565063,30.0,51.0,1.458838,102.149779,0.15,69.0,6,235.9,-0.12,4.19,0.0
1789010162.126678,30.0,51.0,1.458838,102.149779,0.09,69.1,6,235.9,0.0,4.19,0.0
1789010163.1200185,30.0,51.0,1.458838,102.149779,0.07,69.3,6,235.9,-0.1,4.19,0.0
1789010164.1311476,30.0,51.0,1.458848,102.149773,0.13,69.4,6,235.9,0.0,4.19,0.0
1789010165.1272013,30.0,51.0,1.458848,102.149773,0.04,69.6,6,235.9,0.0,4.19,0.0
1789010166.1584375,30.0,51.0,1.458848,102.149773,0.24,69.8,6,235.9,0.0,4.19,0.0
1789010167.1488469,30.0,51.0,1.458848,102.149773,0.35,70.1,6,235.9,-0.11,4.19,0.0
1789010168.1436844,30.0,51.0,1.458848,102.149773,0.15,70.2,6,235.9,-0.17,4.18,0.0
1789010169.1570506,30.0,51.0,1.458848,102.149773,0.37,70.5,6,235.9,-0.11,4.19,0.0
1789010170.1471665,30.0,51.0,1.458848,102.149773,0.19,70.9,6,235.9,-0.12,4.19,0.0
1789010171.176469,30.0,51.0,1.458859,102.149768,0.13,71.3,6,235.9,-0.12,4.19,0.0
1789010172.148861,30.0,51.0,1.458859,102.149768,0.39,71.7,6,235.9,-0.13,4.19,0.0
1789010173.1583452,30.0,51.0,1.458859,102.149768,0.28,72.0,6,235.9,-0.12,4.19,0.0
1789010174.1480024,30.0,51.0,1.458859,102.149768,0.17,72.8,6,235.9,-0.11,4.19,0.0
1789010175.1577792,30.0,51.0,1.458859,102.149768,0.02,73.5,6,235.9,0.0,4.19,0.0
1789010176.1734295,30.0,51.0,1.45887,102.149763,0.33,74.2,6,235.9,-0.11,4.19,0.0
1789010177.1655884,30.0,51.0,1.45887,102.149763,0.2,74.9,6,235.9,-0.11,4.19,0.0
1789010178.1578221,30.0,51.0,1.45887,102.149763,0.09,75.5,6,235.9,0.0,4.19,0.0
1789010179.1692572,30.0,51.0,1.45887,102.149763,0.33,76.0,6,235.9,0.0,4.19,0.0
1789010180.1792846,30.0,51.0,1.45887,102.149763,0.37,76.4,6,235.9,0.0,4.19,0.0
1789010181.1906648,30.0,51.0,1.458881,102.149759,0.07,76.6,6,235.9,0.0,4.19,0.0
1789010182.180793,30.0,51.0,1.458881,102.149759,0.09,77.0,7,235.9,0.0,4.19,0.0
1789010183.1830113,30.0,51.0,1.458881,102.149759,0.15,77.4,7,235.9,0.0,4.19,0.0
1789010184.1784027,30.0,51.0,1.458881,102.149759,0.35,77.9,7,235.9,0.0,4.19,0.0
1789010185.1894555,30.0,51.0,1.458881,102.149759,0.3,78.5,7,235.9,-0.1,4.19,0.0
1789010186.1962729,30.0,51.0,1.458892,102.149755,0.07,79.2,7,235.9,-0.11,4.19,0.0
1789010187.193723,30.0,51.0,1.458892,102.149755,0.09,80.0,7,235.9,0.0,4.19,0.0
1789010188.1833987,30.0,51.0,1.458892,102.149755,0.85,80.8,7,235.9,-0.11,4.19,0.0
1789010189.192631,30.0,51.0,1.458892,102.149755,0.15,81.5,7,235.9,0.0,4.19,0.0
1789010190.2044752,30.0,51.0,1.458904,102.149753,0.52,82.5,7,235.9,0.0,4.19,0.0
1789010191.213358,30.0,51.0,1.458904,102.149753,0.61,83.4,7,235.9,-0.12,4.19,0.0
1789010192.2046182,30.0,51.0,1.458904,102.149753,0.33,84.2,7,235.9,0.0,4.19,0.0
1789010193.1964216,30.0,51.0,1.458904,102.149753,0.5,85.0,7,235.9,-0.11,4.19,0.0
1789010194.2121735,30.0,51.0,1.458904,102.149753,0.06,85.9,7,235.9,0.0,4.19,0.0
1789010195.2065084,30.0,51.0,1.458918,102.14975,0.39,86.8,7,235.9,-0.1,4.19,0.0
1789010196.2296135,30.0,51.0,1.458918,102.14975,0.41,88.0,7,235.9,-0.13,4.19,0.0
1789010197.203659,30.0,51.0,1.458918,102.14975,0.17,88.6,7,235.9,0.0,4.19,0.0
1789010198.2171102,30.0,51.0,1.458918,102.14975,0.07,89.7,7,235.9,0.0,4.19,0.0
1789010199.2189658,30.0,51.0,1.45893,102.149748,0.04,91.1,7,235.9,0.0,4.19,0.0
1789010200.2325773,30.0,51.0,1.45893,102.149748,0.02,92.0,7,235.9,0.0,4.19,0.0
1789010201.241795,30.0,51.0,1.45893,102.149748,0.31,92.8,7,235.9,0.0,4.19,0.0
1789010202.236537,30.0,51.0,1.45893,102.149748,0.35,93.7,7,235.9,0.0,4.19,0.0
1789010203.2251768,30.0,51.0,1.45893,102.149748,0.15,94.5,7,235.9,0.0,4.19,0.0
1789010204.2368164,30.0,51.0,1.458943,102.149746,0.06,95.2,7,235.9,0.0,4.19,0.0
1789010205.2268088,30.0,51.0,1.458943,102.149746,0.31,96.3,7,235.9,0.0,4.19,0.0
1789010206.254656,30.0,51.0,1.458943,102.149746,0.96,97.1,7,235.9,0.0,4.19,0.0
1789010207.2435281,30.0,51.0,1.458943,102.149746,0.56,97.9,7,235.9,-0.1,4.19,0.0
1789010208.2574751,30.0,51.0,1.458943,102.149746,0.56,98.5,7,235.9,0.0,4.19,0.0
1789010209.247051,30.0,51.0,1.458943,102.149746,0.15,99.3,7,235.9,-0.11,4.19,0.0
1789010210.256581,30.0,51.0,1.458954,102.149746,0.26,99.8,7,235.9,0.0,4.19,0.0
1789010211.2663877,30.0,51.0,1.458954,102.149746,0.41,100.4,7,235.9,-0.14,4.19,0.0
1789010212.2586892,30.0,51.0,1.458954,102.149746,0.06,100.7,7,235.9,0.0,4.19,0.0
1789010213.2511277,30.0,51.0,1.458954,102.149746,0.43,101.0,7,235.9,0.0,4.19,0.0
1789010214.2593772,30.0,51.0,1.458954,102.149746,0.17,101.6,7,235.9,0.0,4.19,0.0
1789010215.250683,30.0,51.0,1.458966,102.149746,0.11,102.0,7,235.9,-0.1,4.19,0.0
1789010216.282556,30.0,51.0,1.458966,102.149746,0.31,102.8,7,235.9,0.0,4.19,0.0
1789010217.2721715,30.0,51.0,1.458966,102.149746,0.35,103.7,7,235.9,0.0,4.19,0.0
1789010218.2618809,30.0,51.0,1.458966,102.149746,0.04,104.8,7,235.9,0.0,4.19,0.0
1789010219.2775395,30.0,51.0,1.458966,102.149746,0.2,105.6,7,235.9,0.0,4.19,0.0
1789010220.2672968,30.0,51.0,1.458966,102.149746,0.17,106.4,7,235.9,0.0,4.19,0.0
1789010221.3012252,30.0,51.0,1.458966,102.149746,0.2,107.1,7,235.9,0.0,4.19,0.0
1789010313.7359002,30.0,51.0,1.459018,102.149756,1.69,117.9,7,235.9,-0.13,4.19,0.0
1789010314.7070498,30.0,51.0,1.459018,102.149756,1.28,117.1,7,235.9,0.0,4.19,0.0
1789010315.700997,30.0,51.0,1.459018,102.149756,0.83,116.5,7,235.9,0.0,4.19,0.0
1789010316.7156296,30.0,51.0,1.459018,102.149756,0.28,115.9,7,235.9,0.0,4.19,0.0
1789010317.7085295,30.0,51.0,1.459005,102.149761,0.33,115.1,7,235.9,-0.1,4.19,0.0
1789010318.72895,30.0,51.0,1.459005,102.149761,0.15,114.6,7,235.9,-0.13,4.19,0.0
1789010319.7265399,30.0,51.0,1.459005,102.149761,0.07,114.0,7,235.9,0.0,4.19,0.0
1789010320.7194579,30.0,51.0,1.458994,102.149763,0.17,113.2,7,235.9,-0.13,4.19,0.0
1789010321.729503,30.0,51.0,1.458994,102.149763,0.22,113.2,7,235.9,-0.13,4.19,0.0
1789010322.7283263,30.0,51.0,1.458994,102.149763,0.09,113.0,7,235.9,-0.11,4.19,0.0
1789010323.7417529,30.0,51.0,1.458994,102.149763,0.04,112.9,7,235.9,-0.11,4.19,0.0
1789010324.7313428,30.0,51.0,1.458994,102.149763,0.15,112.3,7,235.9,0.0,4.19,0.0
1789010325.7267876,30.0,51.0,1.458994,102.149763,0.54,111.4,7,235.9,0.0,4.19,0.0
1789010326.7189658,30.0,51.0,1.45898,102.149768,0.65,110.4,7,235.9,0.0,4.2,0.0
1789010327.7310748,30.0,51.0,1.45898,102.149768,1.5,109.8,7,235.9,-0.18,4.19,0.0
1789010328.7458389,30.0,51.0,1.45898,102.149768,1.26,109.0,7,235.9,-0.15,4.19,0.0
1789010329.718213,30.0,51.0,1.45898,102.149768,0.48,108.4,7,235.9,-0.1,4.2,0.0
1789010330.7350504,30.0,51.0,1.45898,102.149768,0.2,107.4,7,235.9,0.0,4.19,0.0
1789010331.728959,30.0,51.0,1.458968,102.149776,0.13,106.3,7,235.9,0.0,4.2,0.0
1789010332.7379446,30.0,51.0,1.458968,102.149776,0.48,105.7,7,235.9,0.0,4.2,0.0
1789010333.757237,30.0,51.0,1.458968,102.149776,0.43,105.1,7,235.9,-0.14,4.19,0.0
1789010334.7330606,30.0,51.0,1.458968,102.149776,0.07,105.7,7,235.9,0.0,4.19,0.0
1789010335.7441046,30.0,51.0,1.458968,102.149776,0.07,106.2,7,235.9,0.0,4.2,0.0
1789010336.7361093,30.0,51.0,1.458968,102.149776,0.19,105.5,7,235.9,-0.17,4.19,0.0
1789010337.7398384,30.0,51.0,1.458955,102.149782,0.15,104.7,7,235.9,0.0,4.19,0.0
1789010338.7705493,30.0,51.0,1.458955,102.149782,0.15,103.8,7,235.9,-0.14,4.19,0.0
1789010339.7469668,30.0,51.0,1.458955,102.149782,0.3,103.0,7,235.9,0.0,4.19,0.0
1789010340.7564023,30.0,51.0,1.458943,102.149788,0.41,102.1,7,235.9,0.0,4.19,0.0
1789010341.748362,30.0,51.0,1.458943,102.149788,0.17,101.3,6,235.9,0.0,4.19,0.0
1789010342.7579226,30.0,51.0,1.458943,102.149788,0.57,100.3,6,235.9,-0.13,4.19,0.0
1789010343.7703211,30.0,51.0,1.458933,102.149793,0.72,99.4,6,235.9,-0.11,4.2,0.0
1789010344.7628894,30.0,51.0,1.458933,102.149793,1.41,98.5,6,235.9,-0.17,4.18,0.0
1789010345.7661111,30.0,51.0,1.458933,102.149793,1.13,97.5,6,235.9,-0.11,4.19,0.0
1789010346.7611568,30.0,51.0,1.45892,102.149799,0.35,96.8,6,235.9,-0.11,4.19,0.0
1789010347.75742,30.0,51.0,1.45892,102.149799,0.44,96.0,6,235.9,-0.1,4.19,0.0
1789010348.7986412,30.0,51.0,1.458909,102.149801,0.37,94.9,5,235.9,0.0,4.19,0.0
1789010349.7738423,30.0,51.0,1.458909,102.149801,0.33,94.1,5,235.9,-0.12,4.19,0.0
1789010350.7692592,30.0,51.0,1.458909,102.149801,0.2,93.3,5,235.9,-0.11,4.19,0.0
1789010351.763261,30.0,51.0,1.458898,102.149803,0.28,92.5,5,235.9,-0.1,4.19,0.0
1789010352.7783039,30.0,51.0,1.458898,102.149803,0.2,94.3,6,235.9,-0.13,4.19,0.0
1789010353.799443,30.0,51.0,1.458898,102.149803,0.17,95.3,6,235.9,-0.11,4.19,0.0
1789010354.775383,30.0,51.0,1.45891,102.149794,0.22,96.6,6,235.9,0.0,4.19,0.0
1789010355.7779994,30.0,51.0,1.45891,102.149794,0.37,98.4,6,235.9,0.0,4.19,0.0
1789010356.79224,30.0,51.0,1.45891,102.149794,0.24,99.7,6,235.9,0.0,4.19,0.0
1789010357.793544,30.0,51.0,1.45892,102.149787,0.0,100.8,6,235.9,-0.1,4.19,0.0
1789010358.8113275,30.0,51.0,1.45892,102.149787,0.26,101.7,7,235.9,-0.12,4.19,0.0
1789010359.7881403,30.0,51.0,1.45892,102.149787,0.11,102.2,7,235.9,0.0,4.19,0.0
1789010360.8025985,30.0,51.0,1.45892,102.149787,0.33,102.6,7,235.9,-0.13,4.19,0.0
1789010361.797473,30.0,51.0,1.45892,102.149787,0.17,103.4,7,235.9,-0.12,4.19,0.0
1789010362.7933776,30.0,51.0,1.45892,102.149787,0.11,104.6,7,235.9,-0.26,4.19,0.0
1789010363.830431,30.0,51.0,1.45892,102.149787,0.2,105.9,7,235.9,0.0,4.19,0.0
1789010364.8051722,30.0,51.0,1.45892,102.149787,0.39,107.7,7,235.9,0.0,4.19,0.0
1789010365.8034987,30.0,51.0,1.458933,102.149785,0.11,109.5,7,235.9,-0.13,4.19,0.0
1789010366.8050406,30.0,51.0,1.458933,102.149785,0.87,110.6,7,235.9,-0.13,4.19,0.0
1789010367.8037071,30.0,51.0,1.458933,102.149785,0.41,111.9,7,235.9,-0.11,4.19,0.0
1789010368.8256896,30.0,51.0,1.458933,102.149785,0.22,113.6,7,235.9,-0.16,4.19,0.0
1789010369.8205485,30.0,51.0,1.458946,102.149783,0.06,115.8,7,235.9,-0.11,4.19,0.0
1789010370.8204935,30.0,51.0,1.458946,102.149783,0.46,117.6,7,235.9,-0.13,4.19,0.0
1789010371.815743,30.0,51.0,1.458946,102.149783,0.48,119.2,7,235.9,-0.21,4.19,0.0
1789010372.808672,30.0,51.0,1.458946,102.149783,0.35,120.5,7,235.9,-0.11,4.19,0.0
1789010373.8444097,30.0,51.0,1.458958,102.149778,0.78,122.0,7,235.9,-0.14,4.19,0.0
1789010374.8224041,30.0,51.0,1.458958,102.149778,0.52,123.5,6,235.9,-0.12,4.19,0.0
1789010375.8175802,30.0,51.0,1.458958,102.149778,0.11,124.5,7,235.9,-0.1,4.19,0.0
1789010376.8201861,30.0,51.0,1.458958,102.149778,0.28,125.4,7,235.9,-0.13,4.19,0.0
1789010377.8359566,30.0,51.0,1.458958,102.149778,0.13,126.4,7,235.9,-0.11,4.19,0.0
1789010378.8582125,30.0,51.0,1.458969,102.149772,0.2,127.3,7,235.9,-0.12,4.19,0.0
1789010379.8332236,30.0,51.0,1.458969,102.149772,0.22,128.4,7,235.9,-0.11,4.19,0.0
1789010380.8331852,30.0,51.0,1.458969,102.149772,0.24,128.8,7,235.9,-0.11,4.19,0.0
1789010381.8270528,30.0,51.0,1.458969,102.149772,0.37,129.5,7,235.9,0.0,4.19,0.0
1789010382.8247485,30.0,51.0,1.458969,102.149772,0.09,130.7,7,235.9,-0.12,4.19,0.0
1789010383.8599918,30.0,51.0,1.458969,102.149772,0.57,131.8,7,235.9,-0.12,4.19,0.0
1789010384.8259246,30.0,51.0,1.458969,102.149772,1.0,132.6,7,235.9,-0.16,4.19,0.0
1789010385.8424942,30.0,51.0,1.458969,102.149772,2.11,132.4,7,235.9,-0.15,4.19,0.0
1789010386.8414278,30.0,51.0,1.458969,102.149772,0.85,133.2,7,235.9,0.0,4.19,0.0
1789010387.8357124,30.0,51.0,1.458969,102.149772,0.3,133.6,7,235.9,-0.13,4.19,0.0
1789010388.8707087,30.0,51.0,1.458969,102.149772,0.74,133.9,7,235.9,-0.1,4.19,0.0
1789010389.8431523,30.0,51.0,1.458969,102.149772,0.94,133.1,7,235.9,0.0,4.19,0.0
1789010390.8409088,30.0,51.0,1.458969,102.149772,0.41,132.6,7,235.9,0.0,4.19,0.0
1789010391.8568623,30.0,51.0,1.458969,102.149772,0.35,131.9,7,235.9,-0.12,4.19,0.0
1789010392.8394535,30.0,51.0,1.458969,102.149772,0.26,130.9,7,235.9,0.0,4.19,0.0
1789010403.3066823,30.0,51.0,1.458934,102.149781,0.04,122.4,7,235.9,0.0,4.19,0.0
1789010404.2852623,30.0,51.0,1.458934,102.149781,0.7,121.3,7,235.9,-0.11,4.19,0.0
1789010405.2978356,30.0,51.0,1.458934,102.149781,1.63,120.1,7,235.9,-0.13,4.19,0.0
1789010406.291179,30.0,51.0,1.458923,102.149786,0.61,118.7,7,235.9,-0.12,4.19,0.0
1789010407.3044822,30.0,51.0,1.458923,102.149786,0.22,117.3,7,235.9,-0.13,4.19,0.0
1789010408.3368142,30.0,51.0,1.458923,102.149786,0.52,116.2,7,235.9,-0.14,4.19,0.0
1789010409.3163097,30.0,51.0,1.458913,102.14979,0.81,114.6,7,235.9,-0.12,4.19,0.0
1789010410.3115468,30.0,51.0,1.458913,102.14979,0.13,112.9,7,235.9,0.0,4.19,0.0
1789010411.3245864,30.0,51.0,1.458902,102.149794,0.35,111.1,7,235.9,0.0,4.19,0.0
1789010412.3187091,30.0,51.0,1.458902,102.149794,0.8,109.2,7,235.9,0.0,4.19,0.0
1789010413.3546855,30.0,50.0,1.458888,102.149798,0.69,107.5,7,235.9,-0.11,4.19,0.0
1789010414.327804,30.0,50.0,1.458888,102.149798,0.87,105.6,7,235.9,0.0,4.19,0.0
1789010415.3285675,30.0,50.0,1.458875,102.149803,0.44,103.9,7,235.9,0.0,4.19,0.0
1789010416.3198872,30.0,50.0,1.458875,102.149803,0.41,102.9,7,235.9,-0.14,4.19,0.0
1789010417.3333464,30.0,50.0,1.458875,102.149803,0.35,102.6,7,235.9,-0.2,4.18,0.0
1789010418.3487122,30.0,51.0,1.458875,102.149803,0.3,101.2,7,235.9,-0.11,4.19,0.0
1789010419.3248494,30.0,51.0,1.458875,102.149803,0.19,102.7,7,235.9,0.0,4.19,0.0
1789010420.3414338,30.0,51.0,1.458875,102.149803,0.2,104.3,7,235.9,0.0,4.19,0.0
1789010421.3407142,30.0,51.0,1.458886,102.149805,0.43,105.7,7,235.9,0.0,4.19,0.0
1789010422.340225,30.0,51.0,1.458886,102.149805,0.11,107.1,7,235.9,0.0,4.19,0.0
1789010423.3679488,30.0,51.0,1.458896,102.149801,0.72,108.6,7,235.9,-0.12,4.19,0.0
1789010424.347529,30.0,51.0,1.458896,102.149801,0.85,107.4,7,235.9,0.0,4.19,0.0
1789010425.341357,30.0,51.0,1.458896,102.149801,0.89,106.3,7,235.9,-0.15,4.19,0.0
1789010426.355848,30.0,51.0,1.458883,102.149803,0.15,105.3,7,235.9,0.0,4.18,0.0
1789010427.356005,30.0,51.0,1.458883,102.149803,0.63,104.1,5,235.9,0.0,4.19,0.0
1789010428.3714347,30.0,51.0,1.458868,102.149806,0.59,103.0,6,235.9,-0.12,4.19,0.0
1789010429.3637187,30.0,51.0,1.458868,102.149806,0.13,101.9,6,235.9,-0.11,4.19,0.0
1789010430.3647609,30.0,51.0,1.458857,102.149809,0.67,100.9,6,235.9,0.0,4.19,0.0
1789010431.362763,30.0,51.0,1.458857,102.149809,0.94,99.7,6,235.9,0.0,4.19,0.0
1789010432.3599162,30.0,51.0,1.458857,102.149809,1.0,101.5,6,235.9,0.0,4.19,0.0
1789010433.4020858,30.0,51.0,1.458857,102.149809,0.8,103.1,6,235.9,0.0,4.19,0.0
1789010434.3746736,30.0,51.0,1.45887,102.149807,0.56,104.4,6,235.9,-0.21,4.19,0.0
1789010435.3671417,30.0,51.0,1.45887,102.149807,0.22,106.2,6,235.9,0.0,4.19,0.0
1789010436.3860366,30.0,51.0,1.45889,102.149804,0.22,108.5,6,235.9,0.0,4.19,0.0
1789010437.3855438,30.0,51.0,1.45889,102.149804,0.09,110.5,6,235.9,-0.15,4.19,0.0
1789010438.4023454,30.0,51.0,1.458905,102.149799,0.3,112.6,7,235.9,0.0,4.19,0.0
1789010439.3776863,30.0,51.0,1.458905,102.149799,0.33,114.6,7,235.9,-0.13,4.19,0.0
1789010440.382347,30.0,51.0,1.458919,102.149794,0.09,116.9,6,235.9,0.0,4.19,0.0
1789010441.4037986,30.0,51.0,1.458919,102.149794,0.33,116.9,6,235.9,0.0,4.2,0.0
1789010442.4016976,30.0,51.0,1.458919,102.149794,0.26,117.6,6,235.9,0.0,4.19,0.0
1789010443.4195483,30.0,51.0,1.458919,102.149794,0.61,118.9,6,235.9,-0.13,4.19,0.0
1789010444.3954818,30.0,51.0,1.458935,102.149789,1.15,120.9,6,235.9,-0.18,4.19,0.0
1789010445.394613,30.0,51.0,1.458935,102.149789,1.26,122.5,6,235.9,0.0,4.19,0.0
1789010446.4078507,30.0,51.0,1.458948,102.149786,0.19,124.0,6,235.9,0.0,4.19,0.0
1789010447.4081697,30.0,51.0,1.458948,102.149786,0.5,126.0,6,235.9,0.0,4.19,0.0
1789010448.4250548,30.0,51.0,1.458961,102.149784,0.44,127.7,6,235.9,0.0,4.19,0.0
1789010449.4215224,30.0,51.0,1.458961,102.149784,0.33,129.5,6,235.9,0.0,4.19,0.0
1789010450.4124396,30.0,51.0,1.458961,102.149784,0.06,131.1,6,235.9,0.0,4.19,0.0
1789010451.4097006,30.0,51.0,1.458975,102.149779,0.09,132.8,6,235.9,0.0,4.19,0.0
1789010452.4243753,30.0,51.0,1.458975,102.149779,0.22,134.8,6,235.9,-0.13,4.19,0.0
1789010453.4395325,30.0,50.0,1.458986,102.149777,0.26,136.2,6,235.9,-0.1,4.19,0.0
1789010454.4191554,30.0,50.0,1.458986,102.149777,0.39,137.7,6,235.9,0.0,4.19,0.0
1789010455.4302986,30.0,50.0,1.458986,102.149777,0.28,138.8,6,235.9,0.0,4.19,0.0
1789010456.435015,30.0,50.0,1.458986,102.149777,0.19,139.6,6,235.9,0.0,4.19,0.0
1789010457.436425,30.0,50.0,1.458997,102.149775,0.09,140.5,7,235.9,0.0,4.19,0.0
1789010458.4479856,30.0,51.0,1.458997,102.149775,0.2,141.6,7,235.9,0.0,4.19,0.0
1789010459.4375722,30.0,51.0,1.458997,102.149775,0.04,142.9,7,235.9,0.0,4.19,0.0
1789010460.449815,30.0,51.0,1.459011,102.149773,0.41,144.1,7,235.9,-0.11,4.19,0.0
1789010461.4410663,30.0,51.0,1.459011,102.149773,0.89,145.1,7,235.9,-0.15,4.18,0.0
1789010462.4533205,30.0,51.0,1.459011,102.149773,1.09,146.4,7,235.9,-0.19,4.18,0.0
1789010463.4700925,30.0,51.0,1.459029,102.149772,2.83,147.6,7,235.9,0.0,4.19,0.0
1789010464.4455037,30.0,51.0,1.459029,102.149772,1.98,149.3,7,235.9,0.0,4.19,0.0
1789010465.459546,30.0,51.0,1.459029,102.149772,0.91,150.6,7,235.9,0.0,4.19,0.0
1789010466.4550774,30.0,51.0,1.459029,102.149772,0.24,150.6,7,235.9,0.0,4.19,0.0
1789010467.4661224,30.0,51.0,1.459029,102.149772,0.76,150.4,7,235.9,0.0,4.19,0.0
1789010468.4817557,30.0,51.0,1.459029,102.149772,1.2,150.3,7,235.9,0.0,4.19,0.0
1789010469.4586177,30.0,51.0,1.459029,102.149772,0.91,150.2,7,235.9,0.0,4.19,0.0
1789010470.4609678,30.0,51.0,1.459029,102.149772,0.72,149.9,7,235.9,0.0,4.19,0.0
1789010471.4793346,30.0,51.0,1.459029,102.149772,1.06,149.7,7,235.9,-0.12,4.18,0.0
1789010472.4629853,30.0,51.0,1.459029,102.149772,0.81,151.1,7,235.9,-0.15,4.19,0.0
1789010473.4865992,30.0,50.0,1.459029,102.149772,0.67,152.6,7,235.9,-0.11,4.19,0.0
1789010474.4821746,30.0,50.0,1.459029,102.149772,0.5,153.9,7,235.9,-0.12,4.19,0.0
1789010475.4758282,30.0,50.0,1.459029,102.149772,0.35,155.4,7,235.9,-0.14,4.19,0.0
1789010476.4900181,30.0,50.0,1.459029,102.149772,0.59,155.4,7,235.9,-0.11,4.19,0.0
1789010477.486245,30.0,50.0,1.459029,102.149772,0.3,155.3,7,235.9,0.0,4.2,0.0
1789010478.5211515,30.0,50.0,1.459029,102.149772,1.3,155.9,7,235.9,0.0,4.19,0.0
1789010479.4926348,30.0,50.0,1.459029,102.149772,1.33,156.1,7,235.9,-0.14,4.19,0.0
1789010480.49371,30.0,50.0,1.459029,102.149772,1.19,156.0,7,235.9,0.0,4.19,0.0
1789010481.4863958,30.0,50.0,1.459029,102.149772,1.44,156.1,7,235.9,-0.11,4.19,0.0
1789010482.5051656,30.0,50.0,1.459029,102.149772,1.81,155.8,7,235.9,0.0,4.19,0.0
1789010483.5176022,30.0,51.0,1.459029,102.149772,2.26,155.6,6,235.9,0.0,4.19,0.0
1789010484.5138113,30.0,51.0,1.459029,102.149772,1.81,155.5,6,235.9,0.0,4.2,0.0
1789010485.5088294,30.0,51.0,1.459029,102.149772,0.85,155.4,6,235.9,0.0,4.19,0.0
1789010486.503682,30.0,51.0,1.459029,102.149772,0.39,155.1,6,235.9,0.0,4.19,0.0
1789010487.5195215,30.0,51.0,1.459029,102.149772,0.56,154.9,6,235.9,0.0,4.19,0.0
1789010488.5373397,30.0,51.0,1.459029,102.149772,0.54,154.5,6,235.9,0.0,4.19,0.0
1789010489.5119777,30.0,51.0,1.459029,102.149772,0.31,154.1,6,235.9,0.0,4.19,0.0
1789010490.53073,30.0,51.0,1.459029,102.149772,0.7,153.8,6,235.9,-0.11,4.19,0.0
1789010491.523357,30.0,51.0,1.459029,102.149772,0.8,153.5,6,235.9,-0.11,4.19,0.0
1789010492.5282102,30.0,51.0,1.459029,102.149772,0.35,153.1,6,235.9,-0.1,4.19,0.0
1789010493.5431798,30.0,51.0,1.459029,102.149772,0.65,152.7,6,235.9,0.0,4.19,0.0
1789010494.5209217,30.0,51.0,1.459029,102.149772,1.0,152.4,6,235.9,0.0,4.19,0.0
1789010495.5391445,30.0,51.0,1.459016,102.149776,0.7,152.0,6,235.9,-0.11,4.19,0.0
1789010496.5361185,30.0,51.0,1.459016,102.149776,0.17,151.6,7,235.9,0.0,4.19,0.0
1789010497.533994,30.0,51.0,1.459016,102.149776,0.59,152.6,7,235.9,-0.19,4.18,0.0
1789010498.5565944,30.0,51.0,1.459016,102.149776,0.41,152.3,7,235.9,-0.12,4.19,0.0
1789010499.5515869,30.0,51.0,1.459016,102.149776,0.72,153.9,7,235.9,0.0,4.19,0.0
1789010500.5408185,30.0,51.0,1.459016,102.149776,0.7,153.6,7,235.9,0.0,4.19,0.0
1789010501.5575597,30.0,51.0,1.459016,102.149776,0.93,153.2,6,235.9,0.0,4.19,0.0
1789010502.5541232,30.0,51.0,1.459016,102.149776,1.52,152.6,6,235.9,0.0,4.19,0.0
1789010503.568613,30.0,51.0,1.459016,102.149776,1.89,152.0,6,235.9,0.0,4.19,0.0
1789010504.5468695,30.0,51.0,1.459016,102.149776,0.11,151.3,6,235.9,0.0,4.19,0.0
1789010505.5593452,30.0,51.0,1.459002,102.149779,0.28,150.5,6,235.9,-0.1,4.19,0.0
1789010506.5527139,30.0,51.0,1.459002,102.149779,0.3,149.8,6,235.9,-0.11,4.19,0.0
1789010507.563059,30.0,51.0,1.459002,102.149779,0.24,149.1,6,235.9,0.0,4.19,0.0
1789010508.59269,30.0,50.0,1.459002,102.149779,0.24,148.3,6,235.9,0.0,4.19,0.0
1789010509.5710397,30.0,50.0,1.45899,102.149782,0.43,147.4,6,235.9,-0.11,4.19,0.0
1789010510.5648901,30.0,50.0,1.45899,102.149782,0.22,146.7,6,235.9,-0.12,4.19,0.0
1789010511.5747795,30.0,50.0,1.458977,102.149782,0.3,145.9,6,235.9,-0.13,4.19,0.0
1789010512.5738761,30.0,50.0,1.458977,102.149782,0.59,145.0,6,235.9,0.0,4.19,0.0
1789010513.5926359,30.0,50.0,1.458966,102.149783,0.54,144.0,6,235.9,0.0,4.2,0.0
1789010514.5865633,30.0,50.0,1.458966,102.149783,0.54,142.5,6,235.9,0.0,4.19,0.0
1789010515.5766504,30.0,50.0,1.458955,102.149786,0.37,141.5,6,235.9,-0.11,4.19,0.0
1789010516.5883245,30.0,50.0,1.458955,102.149786,0.07,140.7,6,235.9,0.0,4.19,0.0
1789010517.587823,30.0,50.0,1.458941,102.149787,0.56,139.5,6,235.9,-0.11,4.19,0.0
1789010518.5992687,30.0,50.0,1.458941,102.149787,0.22,138.5,7,235.9,0.0,4.19,0.0
1789010519.591962,30.0,50.0,1.458941,102.149787,1.46,137.7,7,235.9,0.0,4.19,0.0
1789010520.585855,30.0,50.0,1.45893,102.14979,1.63,137.0,6,235.9,0.0,4.2,0.0
1789010521.5979936,30.0,50.0,1.45893,102.14979,0.3,136.1,6,235.9,0.0,4.2,0.0
1789010522.5917308,30.0,50.0,1.45893,102.14979,0.13,135.5,6,235.9,0.0,4.2,0.0
1789010523.6269171,30.0,50.0,1.45893,102.14979,0.28,134.8,6,235.9,-0.11,4.19,0.0
1789010524.599267,30.0,50.0,1.45893,102.14979,0.5,133.8,6,235.9,0.0,4.19,0.0
1789010525.5982454,30.0,50.0,1.45892,102.149797,1.91,133.1,6,235.9,0.0,4.19,0.0
1789010526.6148663,30.0,50.0,1.45892,102.149797,1.8,132.3,7,235.9,0.0,4.19,0.0
1789010527.6098833,30.0,50.0,1.45892,102.149797,1.87,131.5,6,235.9,0.0,4.19,0.0
1789010528.6222432,30.0,50.0,1.45892,102.149797,1.54,130.8,6,235.9,0.0,4.19,0.0
1789010529.6157558,30.0,50.0,1.458931,102.149798,1.3,134.0,7,235.9,0.0,4.19,0.0
1789010530.6047375,30.0,50.0,1.458945,102.149795,0.94,137.8,7,235.9,-0.1,4.19,0.0
1789010531.6150901,30.0,50.0,1.458959,102.149792,0.57,141.9,7,235.9,0.0,4.2,0.0
1789010532.6064236,30.0,50.0,1.458971,102.149789,0.2,145.7,7,235.9,-0.13,4.2,0.0
1789010533.6419842,30.0,50.0,1.458971,102.149789,0.22,149.3,7,235.9,0.0,4.19,0.0
1789010534.6135929,30.0,50.0,1.458991,102.149785,0.3,152.3,6,235.9,0.0,4.19,0.0
1789010535.6089652,30.0,50.0,1.458991,102.149785,0.3,154.4,6,235.9,0.0,4.2,0.0
1789010536.6225197,30.0,50.0,1.458991,102.149785,0.26,153.6,5,235.9,0.0,4.19,0.0
1789010537.6153107,30.0,50.0,1.458991,102.149785,0.69,152.8,6,235.9,0.0,4.19,0.0
1789010538.6445854,30.0,50.0,1.458991,102.149785,0.89,152.1,6,235.9,-0.13,4.19,0.0
1789010539.6346862,30.0,50.0,1.458991,102.149785,0.78,151.4,6,235.9,-0.15,4.19,0.0
1789010540.6273713,30.0,50.0,1.458991,102.149785,1.11,150.7,6,235.9,0.0,4.19,0.0
1789010541.6192262,30.0,50.0,1.458994,102.149796,2.35,150.0,6,235.9,-0.1,4.19,0.0
1789010542.628927,30.0,50.0,1.458994,102.149796,2.76,148.8,6,235.9,-0.1,4.19,0.0
1789010543.6585584,30.0,50.0,1.458994,102.149796,1.89,147.6,6,235.9,-0.12,4.19,0.0
1789010544.6271992,30.0,50.0,1.458984,102.1498,0.09,146.5,6,235.9,-0.11,4.19,0.0
1789010545.6430845,30.0,50.0,1.458984,102.1498,0.15,145.5,6,235.9,0.0,4.19,0.0
1789010546.6323817,30.0,50.0,1.458984,102.1498,0.43,144.3,6,235.9,-0.11,4.19,0.0
1789010547.6467261,30.0,50.0,1.458984,102.1498,0.26,143.2,6,235.9,-0.18,4.19,0.0
1789010548.6571922,30.0,50.0,1.458973,102.149806,0.3,142.0,6,235.9,-0.11,4.19,0.0
1789010549.6505108,30.0,50.0,1.458973,102.149806,0.15,141.2,6,235.9,0.0,4.19,0.0
1789010550.639944,30.0,50.0,1.458973,102.149806,0.76,139.9,6,235.9,0.0,4.19,0.0
1789010551.6487894,30.0,50.0,1.458973,102.149806,0.61,138.6,6,235.9,0.0,4.19,0.0
1789010552.6408765,30.0,50.0,1.458961,102.149813,0.2,137.5,6,235.9,0.0,4.19,0.0
1789010553.671806,30.0,50.0,1.458961,102.149813,0.87,136.5,5,235.9,-0.12,4.19,0.0
1789010554.653996,30.0,50.0,1.458961,102.149813,0.56,135.5,5,235.9,0.0,4.19,0.0
1789010555.6492448,30.0,50.0,1.458961,102.149813,0.17,134.4,5,235.9,0.0,4.19,0.0
1789010556.6642861,30.0,50.0,1.458961,102.149813,0.2,133.4,5,235.9,0.0,4.19,0.0
1789010557.6540155,30.0,50.0,1.458961,102.149813,0.41,132.3,5,235.9,-0.15,4.19,0.0
1789010558.688294,30.0,50.0,1.458961,102.149813,0.28,131.2,5,235.9,-0.21,4.19,0.0
1789010559.6682863,30.0,50.0,1.458961,102.149813,0.83,130.2,5,235.9,0.0,4.19,0.0
1789010560.6615427,30.0,50.0,1.458961,102.149813,1.74,129.0,5,235.9,0.0,4.19,0.0
1789010561.6749773,30.0,50.0,1.458938,102.149815,1.09,127.9,6,235.9,0.0,4.19,0.0
1789010562.6650717,30.0,50.0,1.458938,102.149815,0.69,126.9,6,235.9,0.0,4.19,0.0
1789010563.6994345,30.0,51.0,1.458938,102.149815,0.59,133.6,7,235.9,0.0,4.19,0.0
1789010564.6732566,30.0,51.0,1.458938,102.149815,0.54,132.7,6,235.9,0.0,4.19,0.0
1789010565.6832592,30.0,51.0,1.458938,102.149815,0.65,132.0,6,235.9,-0.17,4.19,0.0
1789010566.6758873,30.0,51.0,1.458924,102.149806,0.63,131.2,6,235.9,-0.14,4.19,0.0
1789010567.685553,30.0,51.0,1.458924,102.149806,0.61,130.2,6,235.9,-0.1,4.19,0.0
1789010568.6974256,30.0,50.0,1.458924,102.149806,0.8,129.1,6,235.9,0.0,4.19,0.0
1789010569.6880248,30.0,50.0,1.458924,102.149806,0.3,128.1,6,235.9,0.0,4.19,0.0
1789010570.67846,30.0,50.0,1.45891,102.149807,0.2,127.1,6,235.9,0.0,4.19,0.0
1789010571.689489,30.0,50.0,1.45891,102.149807,0.43,125.7,6,235.9,0.0,4.19,0.0
1789010572.6821833,30.0,50.0,1.45891,102.149807,0.63,124.3,6,235.9,0.0,4.19,0.0
1789010573.7117512,30.0,50.0,1.45891,102.149807,0.44,122.9,6,235.9,0.0,4.19,0.0
1789010574.700701,30.0,50.0,1.45891,102.149807,0.87,121.6,6,235.9,0.0,4.19,0.0
1789010575.690271,30.0,50.0,1.458902,102.149816,1.06,120.3,6,235.9,0.0,4.2,0.0
1789010576.6994512,30.0,50.0,1.458902,102.149816,0.63,119.1,6,235.9,0.0,4.19,0.0
1789010577.6944897,30.0,50.0,1.458902,102.149816,0.61,117.7,6,235.9,0.0,4.2,0.0
1789010578.7315748,30.0,50.0,1.458891,102.149822,1.15,116.4,6,235.9,0.0,4.19,0.0
1789010579.7014668,30.0,50.0,1.458905,102.149822,1.61,119.8,7,235.9,0.0,4.19,0.0
1789010580.7106955,30.0,50.0,1.458921,102.149821,1.69,122.8,7,235.9,0.0,4.19,0.0
1789010581.7008731,30.0,50.0,1.458931,102.14982,0.37,125.6,7,235.9,0.0,4.19,0.0
1789010582.7125342,30.0,50.0,1.458931,102.14982,0.72,127.5,7,235.9,-0.11,4.19,0.0
1789010583.7421231,30.0,50.0,1.458951,102.149821,1.07,131.0,7,235.9,0.0,4.19,0.0
1789010584.7115777,30.0,50.0,1.458966,102.149823,1.15,133.2,7,235.9,0.0,4.19,0.0
1789010585.7212255,30.0,50.0,1.458966,102.149823,0.15,135.7,7,235.9,0.0,4.19,0.0
1789010586.7304535,30.0,50.0,1.45898,102.149824,0.98,137.0,6,235.9,0.0,4.2,0.0
1789010587.7225175,30.0,50.0,1.45898,102.149824,0.94,138.2,6,235.9,0.0,4.19,0.0
1789010588.7530136,30.0,50.0,1.458994,102.149826,1.02,139.3,6,235.9,0.0,4.19,0.0
1789010589.7235074,30.0,50.0,1.458994,102.149826,1.02,140.2,6,235.9,0.0,4.19,0.0
1789010590.7372813,30.0,50.0,1.459007,102.149828,1.22,141.0,6,235.9,0.0,4.19,0.0
1789010591.7313335,30.0,50.0,1.459007,102.149828,0.65,141.9,6,235.9,-0.11,4.18,0.0
1789010592.745831,30.0,50.0,1.459024,102.14983,0.5,142.2,6,235.9,0.0,4.19,0.0
1789010593.7643735,30.0,50.0,1.459024,102.14983,0.63,142.5,6,235.9,-0.12,4.19,0.0
1789010594.7362137,30.0,50.0,1.459043,102.149834,0.2,142.8,6,235.9,0.0,4.19,0.0
1789010595.7476664,30.0,50.0,1.459043,102.149834,0.5,142.6,6,235.9,0.0,4.19,0.0
1789010596.744188,30.0,50.0,1.459054,102.149834,1.3,142.4,6,235.9,0.0,4.19,0.0
1789010597.755966,30.0,50.0,1.459054,102.149834,1.31,141.8,6,235.9,0.0,4.19,0.0
1789010598.7706099,30.0,50.0,1.459069,102.149836,1.11,141.5,7,235.9,-0.17,4.19,0.0
1789010599.7475157,30.0,50.0,1.459057,102.149832,0.85,142.1,6,235.9,0.0,4.19,0.0
1789010600.7633815,30.0,50.0,1.459057,102.149832,1.06,141.9,6,235.9,0.0,4.19,0.0
1789010601.758458,30.0,50.0,1.459046,102.149832,1.28,141.6,6,235.9,0.0,4.19,0.0
1789010602.7527137,30.0,50.0,1.459046,102.149832,2.56,141.5,6,235.9,-0.13,4.19,0.0
1789010603.7906325,30.0,50.0,1.459046,102.149832,0.31,140.8,6,235.9,-0.15,4.19,0.0
1789010604.7628639,30.0,50.0,1.459046,102.149832,0.43,140.2,6,235.9,0.0,4.19,0.0
1789010605.7741804,30.0,50.0,1.459033,102.149832,0.3,139.7,6,235.9,0.0,4.19,0.0
1789010606.7676284,30.0,50.0,1.459033,102.149832,0.39,138.9,6,235.9,-0.1,4.19,0.0
1789010607.7833495,30.0,50.0,1.459022,102.149831,0.78,138.3,6,235.9,-0.16,4.19,0.0
1789010608.795121,-999.0,-999.0,1.459022,102.149831,1.0,137.7,6,235.9,-0.14,4.19,0.0
1789010609.7868662,-999.0,-999.0,1.459022,102.149831,0.56,137.0,6,235.9,0.0,4.19,0.0
1789010610.7925637,-999.0,-999.0,1.459022,102.149831,0.56,136.2,6,235.9,0.0,4.19,0.0
1789010611.7834747,-999.0,-999.0,1.45901,102.149836,0.44,135.4,6,235.9,0.0,4.19,0.0
1789010612.7990315,-999.0,-999.0,1.45901,102.149836,0.19,134.2,5,235.9,0.0,4.19,0.0
1789010613.8126059,30.0,50.0,1.45901,102.149836,0.22,133.2,5,235.9,0.0,4.19,0.0
1789010614.7855806,30.0,50.0,1.45901,102.149836,0.56,132.1,5,235.9,-0.12,4.19,0.0
1789010615.7980711,30.0,50.0,1.45901,102.149836,0.69,131.2,5,235.9,0.0,4.19,0.0
1789010616.791582,30.0,50.0,1.45901,102.149836,0.74,130.2,4,235.9,-0.15,4.19,0.0
1789010617.802052,30.0,50.0,1.459023,102.149841,0.87,129.3,4,235.9,-0.11,4.19,0.0
1789010618.8139584,30.0,50.0,1.459023,102.149841,1.52,128.2,5,235.9,0.0,4.19,0.0
1789010619.8127587,30.0,50.0,1.459023,102.149841,1.76,127.0,5,235.9,0.0,4.19,0.0
1789010620.805645,30.0,50.0,1.459023,102.149841,1.17,125.8,5,235.9,-0.12,4.19,0.0
1789010621.816861,30.0,50.0,1.459034,102.149842,1.35,124.6,5,235.9,0.0,4.19,0.0
1789010622.8138359,30.0,50.0,1.459034,102.149842,2.3,123.5,5,235.9,0.0,4.19,0.0
1789010623.8327076,30.0,50.0,1.459046,102.149844,2.89,122.3,5,235.9,-0.1,4.19,0.0
1789010624.803582,30.0,50.0,1.459046,102.149844,2.09,121.2,5,235.9,-0.19,4.19,0.0
1789010625.8209171,30.0,50.0,1.459061,102.149846,1.17,120.1,5,235.9,-0.14,4.19,0.0
1789010626.8116865,30.0,50.0,1.459061,102.149846,0.43,119.0,5,235.9,0.0,4.19,0.0
1789010627.8093147,30.0,50.0,1.459061,102.149846,0.35,118.2,5,235.9,0.0,4.19,0.0
1789010628.844475,30.0,50.0,1.459074,102.149846,0.96,117.3,5,235.9,-0.16,4.19,0.0
1789010629.8179727,30.0,50.0,1.459089,102.149849,1.54,116.5,5,235.9,0.0,4.19,0.0
1789010630.8314085,30.0,50.0,1.459089,102.149849,1.28,116.0,5,235.9,0.0,4.2,0.0
1789010631.8250642,30.0,50.0,1.459089,102.149849,1.17,115.3,4,235.9,0.0,4.19,0.0
1789010632.8228629,30.0,50.0,1.459089,102.149849,1.5,114.7,5,235.9,0.0,4.19,0.0
1789010633.859001,30.0,50.0,1.459108,102.149847,1.93,114.1,5,235.9,0.0,4.19,0.0
1789010634.8374615,30.0,50.0,1.459108,102.149847,1.67,113.5,5,235.9,0.0,4.19,0.0
1789010635.8323097,30.0,50.0,1.459108,102.149847,1.06,112.1,6,235.9,0.0,4.19,0.0
1789010636.8472981,30.0,50.0,1.459108,102.149847,1.3,111.3,6,235.9,0.0,4.19,0.0
1789010637.8390052,30.0,50.0,1.459108,102.149847,2.0,110.7,6,235.9,0.0,4.19,0.0
1789010638.8744934,30.0,50.0,1.459108,102.149847,1.85,110.3,6,235.9,0.0,4.19,0.0
1789010639.8474827,30.0,50.0,1.459095,102.149839,1.0,110.4,6,235.9,0.0,4.19,0.0
1789010640.8395557,30.0,50.0,1.459077,102.149837,0.43,110.2,6,235.9,0.0,4.19,0.0
1789010641.8511987,30.0,50.0,1.459062,102.149835,0.98,110.1,6,235.9,0.0,4.19,0.0
1789010642.844948,30.0,50.0,1.459051,102.149833,0.76,110.2,6,235.9,0.0,4.19,0.0
1789010643.875398,30.0,50.0,1.459051,102.149833,0.02,110.5,6,235.9,-0.11,4.19,0.0
1789010644.8512752,30.0,50.0,1.459032,102.149829,0.24,110.5,6,235.9,0.0,4.19,0.0
1789010645.8488646,30.0,50.0,1.45902,102.149827,0.61,110.8,6,235.9,-0.12,4.19,0.0
1789010646.8634908,30.0,50.0,1.459007,102.149823,0.83,111.2,6,235.9,-0.1,4.19,0.0
1789010647.8573895,30.0,50.0,1.459007,102.149823,0.7,111.4,6,235.9,-0.11,4.19,0.0
1789010648.8925653,30.0,50.0,1.45899,102.149818,1.74,111.7,6,235.9,-0.12,4.19,0.0
1789010649.8640206,30.0,50.0,1.45899,102.149818,1.89,112.0,6,235.9,0.0,4.19,0.0
1789010650.8583312,30.0,50.0,1.458974,102.149815,1.19,112.3,6,235.9,0.0,4.19,0.0
1789010651.8660252,30.0,50.0,1.458974,102.149815,0.85,112.7,6,235.9,0.0,4.19,0.0
1789010652.8762267,30.0,50.0,1.45896,102.149811,0.57,112.8,6,235.9,0.0,4.19,0.0
1789010653.8848813,30.0,50.0,1.45896,102.149811,0.41,112.8,6,235.9,-0.13,4.19,0.0
1789010654.879469,30.0,50.0,1.458946,102.14981,0.33,110.8,6,235.9,0.0,4.19,0.0
1789010655.8703082,30.0,50.0,1.458946,102.14981,0.74,109.7,5,235.9,0.0,4.19,0.0
1789010656.8812218,30.0,50.0,1.458946,102.14981,0.93,108.7,4,235.9,0.0,4.19,0.0
1789010657.874121,30.0,50.0,1.458946,102.14981,1.46,108.0,4,235.9,0.0,4.19,0.0
1789010658.8891597,30.0,50.0,1.458946,102.14981,1.09,107.2,4,235.9,0.0,4.19,0.0
1789010659.883154,30.0,50.0,1.458946,102.14981,1.28,106.4,4,235.9,0.0,4.19,0.0
1789010660.884106,30.0,50.0,1.458946,102.14981,1.17,105.3,4,235.9,-0.16,4.19,0.0
1789010661.8769774,30.0,50.0,1.458946,102.14981,1.8,104.1,4,235.9,-0.14,4.19,0.0
1789010662.8944492,30.0,50.0,1.458946,102.14981,0.72,103.8,5,235.9,0.0,4.19,0.0
1789010663.9084702,30.0,50.0,1.458959,102.149806,0.33,104.1,5,235.9,0.0,4.19,0.0
1789010664.9006157,30.0,50.0,1.458971,102.14981,1.04,103.2,6,235.9,0.0,4.19,0.0
1789010665.8902256,30.0,50.0,1.458971,102.14981,1.15,102.3,6,235.9,-0.1,4.19,0.0
1789010666.9078822,30.0,50.0,1.458982,102.149814,0.31,101.3,6,235.9,0.0,4.19,0.0
1789010667.9010842,30.0,50.0,1.458982,102.149814,0.2,100.7,6,235.9,-0.12,4.19,0.0
1789010668.9174845,30.0,50.0,1.458982,102.149814,0.54,99.2,6,235.9,0.0,4.19,0.0
1789010669.9107113,30.0,50.0,1.458997,102.149822,0.61,98.3,6,235.9,-0.19,4.18,0.0
1789010670.9031885,30.0,50.0,1.458997,102.149822,0.39,97.2,6,235.9,0.0,4.19,0.0
1789010671.9183154,30.0,50.0,1.459023,102.149829,0.61,95.8,6,235.9,0.0,4.19,0.0
1789010672.9164648,30.0,50.0,1.459023,102.149829,0.7,94.3,6,235.9,0.0,4.19,0.0
1789010673.946099,30.0,50.0,1.459037,102.149835,1.07,93.3,6,235.9,0.0,4.19,0.0
1789010674.9241574,30.0,50.0,1.459037,102.149835,1.22,92.5,6,235.9,0.0,4.19,0.0
1789010675.9154704,30.0,50.0,1.459056,102.149837,1.15,92.0,6,235.9,0.0,4.19,0.0
1789010676.915594,30.0,50.0,1.459056,102.149837,2.11,91.6,6,235.9,0.0,4.19,0.0
1789010677.9278965,30.0,50.0,1.45907,102.149837,2.17,90.8,6,235.9,0.0,4.19,0.0
1789010678.961589,30.0,50.0,1.459083,102.149838,2.35,90.4,6,235.9,0.0,4.19,0.0
1789010679.932279,30.0,50.0,1.459083,102.149838,3.33,89.8,6,235.9,0.0,4.19,0.0
1789010680.943767,30.0,50.0,1.459083,102.149838,3.17,89.3,6,235.9,0.0,4.19,0.0
1789010681.9415002,30.0,50.0,1.459083,102.149838,1.0,89.2,6,235.9,0.0,4.19,0.0
1789010682.934908,30.0,50.0,1.459098,102.149832,0.98,89.1,6,235.9,-0.2,4.18,0.0
1789010683.9675858,30.0,50.0,1.459098,102.149832,0.19,88.8,6,235.9,-0.12,4.19,0.0
1789010684.9472334,30.0,50.0,1.459098,102.149832,1.33,88.6,6,235.9,0.0,4.19,0.0
1789010685.9451134,30.0,50.0,1.459107,102.149826,1.94,88.3,6,235.9,0.0,4.19,0.0
1789010686.941954,30.0,50.0,1.459107,102.149826,0.74,88.0,6,235.9,0.0,4.19,0.0
1789010687.9532373,30.0,50.0,1.459125,102.149825,0.04,87.9,6,235.9,0.0,4.19,0.0
1789010688.963756,30.0,50.0,1.459125,102.149825,0.24,87.8,6,235.9,0.0,4.19,0.0
1789010689.9570756,30.0,50.0,1.45915,102.149827,0.46,87.2,6,235.9,0.0,4.19,0.0
1789010690.9462414,30.0,50.0,1.45915,102.149827,0.54,87.0,6,235.9,-0.12,4.19,0.0
1789010691.941861,30.0,50.0,1.459166,102.149828,1.0,86.4,6,235.9,0.0,4.19,0.0
1789010692.9520154,30.0,50.0,1.459166,102.149828,1.06,85.4,6,235.9,-0.1,4.19,0.0
1789010693.9820282,30.0,50.0,1.459189,102.149832,1.15,84.6,6,235.9,0.0,4.19,0.0
1789010694.952633,30.0,50.0,1.459201,102.149834,1.57,83.8,6,235.9,0.0,4.19,0.0
1789010695.949625,30.0,50.0,1.459201,102.149834,2.35,82.8,6,235.9,0.0,4.19,0.0
1789010696.9633589,30.0,50.0,1.459222,102.149838,2.72,81.9,6,235.9,0.0,4.19,0.0
1789010697.9576573,30.0,50.0,1.459222,102.149838,3.56,81.4,6,235.9,-0.17,4.19,0.0
1789010698.9931548,30.0,50.0,1.459238,102.149839,3.78,80.8,6,235.9,0.0,4.19,0.0
1789010699.9655092,30.0,50.0,1.459251,102.149841,3.24,79.8,6,235.9,0.0,4.19,0.0
1789010700.9603066,30.0,50.0,1.459251,102.149841,2.5,79.0,6,235.9,0.0,4.19,0.0
1789010701.9785976,30.0,50.0,1.459251,102.149841,2.63,78.5,6,235.9,-0.11,4.19,0.0
1789010702.971015,30.0,50.0,1.459251,102.149841,2.02,77.1,6,235.9,0.0,4.19,0.0
1789010703.9888587,30.0,50.0,1.459251,102.149841,0.67,76.1,6,235.9,-0.11,4.19,0.0
1789010704.9812293,30.0,50.0,1.459251,102.149841,0.19,74.4,6,235.9,0.0,4.19,0.0
1789010705.9757361,30.0,50.0,1.459251,102.149841,0.22,72.7,6,235.9,-0.17,4.18,0.0
1789010706.9873168,30.0,50.0,1.459251,102.149841,0.13,70.4,6,235.9,-0.16,4.19,0.0
1789010707.9814832,30.0,50.0,1.459251,102.149841,1.09,68.2,6,235.9,-0.15,4.19,0.0
1789010709.0142882,30.0,50.0,1.459244,102.149832,0.22,66.3,5,235.9,-0.14,4.19,0.0
1789010709.987029,30.0,50.0,1.459244,102.149832,0.43,64.3,5,235.9,-0.11,4.19,0.0
1789010710.979046,30.0,50.0,1.459244,102.149832,0.85,62.5,5,235.9,0.0,4.19,0.0
1789010711.993983,30.0,50.0,1.459244,102.149832,1.54,61.0,5,235.9,0.0,4.19,0.0
1789010712.9900124,30.0,50.0,1.459232,102.149825,1.44,59.5,5,235.9,0.0,4.19,0.0
1789010714.0061724,30.0,50.0,1.459232,102.149825,0.98,57.4,5,235.9,-0.12,4.19,0.0
1789010715.0001457,30.0,50.0,1.459232,102.149825,0.41,55.5,5,235.9,-0.15,4.19,0.0
1789010715.9944723,30.0,50.0,1.459232,102.149825,0.56,53.9,5,235.9,0.0,4.19,0.0
1789010716.988886,30.0,50.0,1.459232,102.149825,0.94,52.3,5,235.9,0.0,4.19,0.0
1789010718.002078,30.0,50.0,1.459196,102.149818,1.26,56.2,6,235.9,0.0,4.19,0.0
1789010719.036516,30.0,50.0,1.45917,102.149817,0.72,59.0,6,235.9,-0.12,4.19,0.0
1789010720.008674,30.0,50.0,1.459153,102.149816,0.78,61.3,6,235.9,0.0,4.19,0.0
1789010721.0010886,30.0,50.0,1.45914,102.149814,0.39,61.3,6,235.9,0.0,4.19,0.0
1789010722.0137496,30.0,50.0,1.459124,102.149812,1.19,61.2,6,235.9,0.0,4.19,0.0
1789010723.0048797,30.0,50.0,1.459124,102.149812,1.19,61.2,6,235.9,0.0,4.19,0.0
1789010724.039533,30.0,50.0,1.459111,102.14981,0.52,61.1,6,235.9,-0.22,4.18,0.0
1789010725.0144808,30.0,50.0,1.459111,102.14981,2.57,59.5,5,235.9,-0.14,4.19,0.0
1789010726.0266707,30.0,50.0,1.459111,102.14981,3.2,58.5,5,235.9,-0.15,4.19,0.0
1789010727.0234075,30.0,50.0,1.459111,102.14981,3.37,57.5,5,235.9,-0.15,4.19,0.0
1789010728.01538,30.0,50.0,1.4591,102.149805,1.94,55.3,6,235.9,-0.12,4.19,0.0
1789010729.0543833,30.0,50.0,1.4591,102.149805,1.33,52.6,6,235.9,-0.14,4.19,0.0
1789010730.031787,30.0,50.0,1.459081,102.149806,1.17,47.6,6,235.9,-0.17,4.19,0.0
1789010731.0280063,30.0,50.0,1.459068,102.149806,0.93,42.9,6,235.9,-0.17,4.19,0.0
1789010732.0321953,30.0,50.0,1.459068,102.149806,0.24,38.8,6,235.9,-0.13,4.19,0.0
1789010733.0310254,30.0,50.0,1.459048,102.149805,0.06,34.9,6,235.9,-0.15,4.19,0.0
1789010734.0660143,30.0,50.0,1.459048,102.149805,0.3,31.7,6,235.9,-0.14,4.19,0.0
1789010735.037997,30.0,50.0,1.459019,102.1498,0.41,33.5,7,235.9,-0.12,4.19,0.0
1789010736.0499885,30.0,50.0,1.458998,102.149796,0.52,35.8,7,235.9,-0.12,4.19,0.0
1789010737.0424562,30.0,50.0,1.458986,102.149792,0.07,39.9,7,235.9,-0.14,4.19,0.0
1789010738.0547175,30.0,50.0,1.458986,102.149792,0.15,44.0,7,235.9,-0.13,4.19,0.0
1789010739.0680766,30.0,50.0,1.458986,102.149792,0.35,47.9,7,235.9,-0.2,4.19,0.0
1789010740.059629,30.0,50.0,1.458986,102.149792,0.87,52.6,7,235.9,-0.11,4.19,0.0
1789010741.0574589,30.0,50.0,1.458986,102.149792,1.13,55.8,7,235.9,-0.12,4.19,0.0
1789010742.0495126,30.0,50.0,1.458995,102.149782,0.72,60.1,7,235.9,0.0,4.19,0.0
1789010743.0660677,30.0,50.0,1.458995,102.149782,0.43,64.1,7,235.9,-0.13,4.19,0.0
1789010744.0780406,30.0,50.0,1.458995,102.149782,0.98,68.1,7,235.9,-0.16,4.19,0.0
1789010745.0661032,30.0,50.0,1.459007,102.14978,1.3,70.7,7,235.9,-0.11,4.19,0.0
1789010746.062267,30.0,50.0,1.459007,102.14978,1.7,73.4,7,235.9,-0.14,4.19,0.0
1789010747.061447,30.0,50.0,1.459007,102.14978,1.41,76.0,7,235.9,0.0,4.19,0.0
1789010748.061411,30.0,50.0,1.459007,102.14978,1.09,78.7,7,235.9,-0.24,4.18,0.0
1789010749.0784504,30.0,50.0,1.459017,102.149776,1.02,81.0,7,235.9,-0.15,4.19,0.0
1789010750.077293,30.0,50.0,1.459017,102.149776,1.13,83.3,7,235.9,-0.17,4.19,0.0
1789010751.0626507,30.0,50.0,1.459017,102.149776,0.61,85.2,7,235.9,-0.12,4.19,0.0
1789010752.0703475,30.0,50.0,1.459028,102.149773,0.72,87.0,7,235.9,-0.12,4.19,0.0
1789010753.0683272,30.0,50.0,1.459028,102.149773,0.7,88.6,7,235.9,-0.12,4.19,0.0
1789010754.09444,30.0,50.0,1.459041,102.149774,0.37,90.1,7,235.9,-0.12,4.19,0.0
1789010755.0689018,30.0,50.0,1.459041,102.149774,0.74,91.0,7,235.9,-0.13,4.19,0.0
1789010756.0878623,30.0,50.0,1.459056,102.149777,1.69,90.7,6,235.9,-0.19,4.18,0.0
1789010757.0691977,30.0,50.0,1.459068,102.14978,2.15,90.5,6,235.9,-0.18,4.18,0.0
1789010758.0851305,30.0,50.0,1.459068,102.14978,1.0,90.2,6,235.9,-0.13,4.19,0.0
1789010759.1039815,30.0,50.0,1.459087,102.149785,0.65,89.7,6,235.9,-0.17,4.19,0.0
1789010760.091165,30.0,50.0,1.459099,102.149788,2.33,89.4,6,235.9,-0.15,4.19,0.0
1789010761.0937896,30.0,50.0,1.459114,102.149791,2.3,89.4,6,235.9,-0.17,4.19,0.0
1789010762.0749025,30.0,50.0,1.459126,102.149793,1.87,89.7,6,235.9,-0.17,4.19,0.0
1789010763.0926507,30.0,50.0,1.459126,102.149793,1.3,94.1,7,235.9,-0.14,4.19,0.0
1789010764.111863,30.0,50.0,1.459126,102.149793,0.46,99.3,7,235.9,-0.15,4.19,0.0
1789010765.08971,30.0,50.0,1.459114,102.149795,0.59,104.0,7,235.9,-0.14,4.18,0.0
1789010766.0997133,30.0,50.0,1.459114,102.149795,0.87,108.1,7,235.9,-0.18,4.19,0.0
1789010767.1017845,30.0,50.0,1.459114,102.149795,0.74,112.5,7,235.9,-0.14,4.19,0.0
1789010768.1030142,30.0,50.0,1.459114,102.149795,1.0,117.1,7,235.9,-0.13,4.19,0.0
1789010769.1185951,30.0,50.0,1.459114,102.149795,0.35,121.7,7,235.9,-0.11,4.19,0.0
1789010770.1148772,30.0,50.0,1.459114,102.149795,0.15,125.4,7,235.9,0.0,4.19,0.0
1789010771.1137013,30.0,50.0,1.459104,102.149798,0.76,128.6,6,235.9,-0.11,4.19,0.0
1789010772.1089282,30.0,50.0,1.459104,102.149798,0.76,131.2,6,235.9,0.0,4.19,0.0
1789010773.1143806,30.0,50.0,1.459104,102.149798,0.65,133.2,6,235.9,0.0,4.19,0.0
1789010774.1455991,30.0,50.0,1.459092,102.149801,0.52,134.1,6,235.9,-0.15,4.18,0.0
1789010775.1266108,30.0,50.0,1.459092,102.149801,0.52,135.1,6,235.9,-0.12,4.19,0.0
1789010776.1342416,30.0,50.0,1.45908,102.149803,0.83,136.4,6,235.9,0.0,4.19,0.0
1789010777.1339345,30.0,50.0,1.45908,102.149803,0.22,137.2,6,235.9,0.0,4.19,0.0
1789010778.1340191,30.0,50.0,1.45908,102.149803,0.81,138.2,6,235.9,0.0,4.19,0.0
1789010779.1580029,30.0,50.0,1.45908,102.149803,0.87,139.2,6,235.9,-0.14,4.19,0.0
1789010780.123671,30.0,50.0,1.45908,102.149803,0.41,140.6,6,235.9,-0.11,4.19,0.0
1789010781.1447208,30.0,50.0,1.45908,102.149803,0.52,142.3,6,235.9,-0.13,4.19,0.0
1789010782.1351163,30.0,50.0,1.45908,102.149803,0.31,143.6,6,235.9,-0.13,4.19,0.0
1789010783.1444452,30.0,50.0,1.45908,102.149803,0.78,144.5,6,235.9,-0.15,4.19,0.0
1789010784.166705,30.0,50.0,1.459086,102.149812,1.57,144.7,6,235.9,-0.12,4.19,0.0
1789010785.1454399,30.0,50.0,1.459086,102.149812,0.76,144.5,5,235.9,-0.12,4.19,0.0
1789010786.152328,30.0,50.0,1.459086,102.149812,0.44,144.0,5,235.9,-0.13,4.19,0.0
1789010787.1379032,30.0,50.0,1.4591,102.149817,0.72,143.4,5,235.9,-0.14,4.19,0.0
1789010788.139487,30.0,50.0,1.4591,102.149817,0.7,142.9,5,235.9,-0.15,4.19,0.0
1789010789.1661892,30.0,50.0,1.4591,102.149817,0.7,142.1,5,235.9,-0.13,4.19,0.0
1789010790.1441662,30.0,50.0,1.4591,102.149817,0.24,141.4,5,235.9,-0.17,4.19,0.0
1789010791.15267,30.0,50.0,1.4591,102.149817,0.57,140.6,6,235.9,-0.15,4.19,0.0
1789010792.1534262,30.0,50.0,1.459114,102.149815,1.19,140.1,6,235.9,-0.14,4.19,0.0
1789010793.1519568,30.0,50.0,1.459114,102.149815,1.06,139.3,6,235.9,-0.15,4.19,0.0
1789010794.1909394,30.0,50.0,1.459114,102.149815,0.37,140.8,7,235.9,-0.11,4.19,0.0
1789010795.1681492,30.0,50.0,1.4591,102.14981,0.87,142.0,6,235.9,-0.15,4.19,0.0
1789010796.1769404,30.0,50.0,1.4591,102.14981,0.87,143.3,6,235.9,-0.12,4.19,0.0
1789010797.1801941,30.0,50.0,1.459086,102.149808,1.5,144.6,6,235.9,-0.12,4.19,0.0
1789010798.1854873,30.0,50.0,1.459074,102.149807,0.31,145.3,7,235.9,-0.18,4.18,0.0
1789010799.2050064,30.0,50.0,1.459074,102.149807,0.35,147.0,5,235.9,-0.16,4.19,0.0
1789010800.1847477,30.0,50.0,1.459074,102.149807,0.61,148.7,5,235.9,-0.12,4.19,0.0
1789010801.1911945,30.0,50.0,1.459059,102.149806,1.04,150.5,6,235.9,0.0,4.19,0.0
1789010802.1877086,30.0,50.0,1.459059,102.149806,1.2,152.2,5,235.9,-0.12,4.19,0.0
1789010803.1790729,30.0,50.0,1.459059,102.149806,1.0,153.9,5,235.9,-0.12,4.19,0.0
1789010804.2207513,30.0,50.0,1.45904,102.149806,0.78,155.2,5,235.9,-0.13,4.19,0.0
1789010805.1820939,30.0,50.0,1.45904,102.149806,0.35,155.4,6,235.9,0.0,4.19,0.0
1789010806.1998334,30.0,50.0,1.459025,102.149807,0.37,154.8,6,235.9,-0.16,4.19,0.0
1789010807.1991096,30.0,50.0,1.459025,102.149807,1.13,154.7,6,235.9,-0.11,4.19,0.0
1789010808.2018235,30.0,50.0,1.459025,102.149807,0.83,154.6,6,235.9,-0.12,4.19,0.0
1789010809.226499,30.0,50.0,1.459009,102.149809,0.54,155.6,5,235.9,-0.15,4.19,0.0
1789010810.185226,30.0,50.0,1.458996,102.149809,0.26,155.0,6,235.9,-0.12,4.19,0.0
1789010811.1885195,30.0,50.0,1.458996,102.149809,0.28,152.5,6,235.9,-0.12,4.19,0.0
1789010812.1898682,30.0,50.0,1.458996,102.149809,0.19,151.3,6,235.9,-0.11,4.19,0.0
1789010813.1917682,30.0,50.0,1.458985,102.149809,0.39,150.0,6,235.9,-0.11,4.19,0.0
1789010814.2283952,30.0,50.0,1.458985,102.149809,1.22,149.7,6,235.9,-0.14,4.19,0.0
1789010815.198613,30.0,50.0,1.458985,102.149809,1.37,148.9,7,235.9,-0.12,4.19,0.0
1789010816.2031243,30.0,50.0,1.458985,102.149809,1.94,147.8,7,235.9,0.0,4.19,0.0
1789010817.2050817,30.0,50.0,1.458974,102.149804,0.52,147.0,7,235.9,-0.14,4.19,0.0
1789010818.2212782,30.0,50.0,1.458974,102.149804,0.2,146.5,7,235.9,-0.11,4.19,0.0
1789010819.2380893,30.0,50.0,1.458974,102.149804,0.63,145.9,7,235.9,-0.14,4.19,0.0
1789010820.2122977,30.0,50.0,1.458974,102.149804,0.26,145.8,7,235.9,-0.1,4.19,0.0
1789010821.2222993,30.0,50.0,1.458974,102.149804,0.48,146.4,7,235.9,-0.14,4.18,0.0
1789010822.2312646,30.0,50.0,1.458974,102.149804,0.67,147.1,7,235.9,0.0,4.19,0.0
1789010823.2319806,30.0,50.0,1.458974,102.149804,0.52,148.7,7,235.9,-0.12,4.19,0.0
1789010824.2440515,30.0,50.0,1.458974,102.149804,0.31,149.7,7,235.9,-0.11,4.19,0.0
1789010825.2339249,30.0,50.0,1.458974,102.149804,0.93,151.3,7,235.9,-0.11,4.19,0.0
1789010826.2368584,30.0,50.0,1.458974,102.149804,0.96,153.0,7,235.9,-0.11,4.19,0.0
1789010827.2258909,30.0,50.0,1.458974,102.149804,0.8,154.4,7,235.9,-0.12,4.19,0.0
1789010828.247802,30.0,50.0,1.458974,102.149804,0.65,155.4,7,235.9,-0.13,4.19,0.0
1789010829.2634387,30.0,50.0,1.458974,102.149804,1.04,156.0,7,235.9,-0.11,4.19,0.0
1789010830.2403414,30.0,50.0,1.458974,102.149804,0.98,156.4,7,235.9,-0.26,4.18,0.0
1789010831.2476976,30.0,50.0,1.458974,102.149804,0.43,157.5,7,235.9,-0.11,4.19,0.0
1789010832.252303,30.0,50.0,1.458974,102.149804,0.19,158.0,7,235.9,-0.15,4.19,0.0
1789010833.2488124,30.0,50.0,1.458974,102.149804,0.09,158.2,7,235.9,-0.12,4.19,0.0
1789010834.270005,30.0,50.0,1.458974,102.149804,0.37,159.0,7,235.9,-0.16,4.19,0.0
1789010835.2457273,30.0,50.0,1.458974,102.149804,0.98,159.5,7,235.9,-0.18,4.19,0.0
1789010836.2465084,30.0,50.0,1.458974,102.149804,2.28,160.7,7,235.9,-0.14,4.19,0.0
1789010837.2529688,30.0,50.0,1.458974,102.149804,0.93,161.3,7,235.9,-0.13,4.19,0.0
1789010838.256333,30.0,50.0,1.458986,102.149805,0.33,162.6,7,235.9,-0.18,4.18,0.0
1789010839.2804112,30.0,50.0,1.458986,102.149805,0.85,163.8,7,235.9,-0.15,4.19,0.0
1789010840.265394,30.0,50.0,1.458986,102.149805,0.98,165.3,7,235.9,-0.11,4.19,0.0
1789010841.2784517,30.0,50.0,1.458986,102.149805,0.93,165.3,7,235.9,0.0,4.19,0.0
1789010842.26261,30.0,50.0,1.458986,102.149805,1.2,165.4,6,235.9,-0.14,4.19,0.0
1789010843.2651207,30.0,50.0,1.458986,102.149805,1.31,166.4,7,235.9,0.0,4.19,0.0
1789010844.305227,30.0,50.0,1.458986,102.149805,1.46,167.4,7,235.9,-0.14,4.19,0.0
1789010845.284947,30.0,50.0,1.458986,102.149805,1.07,168.7,7,235.9,-0.11,4.19,0.0
1789010846.284833,30.0,50.0,1.458998,102.149814,0.41,169.7,7,235.9,0.0,4.19,0.0
1789010847.2923195,30.0,50.0,1.458998,102.149814,0.33,171.3,7,235.9,-0.22,4.18,0.0
1789010848.2906463,30.0,50.0,1.458998,102.149814,0.44,172.2,7,235.9,-0.1,4.19,0.0
1789010849.313432,30.0,50.0,1.458998,102.149814,0.65,172.3,7,235.9,-0.13,4.19,0.0
1789010850.2981308,30.0,50.0,1.458998,102.149814,1.0,172.8,7,235.9,-0.11,4.19,0.0
1789010851.3029711,30.0,50.0,1.458998,102.149814,0.63,174.9,7,235.9,-0.12,4.19,0.0
1789010852.2917328,30.0,50.0,1.459009,102.149821,0.85,177.0,7,235.9,0.0,4.19,0.0
1789010853.303415,30.0,50.0,1.459009,102.149821,1.85,179.0,7,235.9,-0.11,4.19,0.0
1789010854.3167107,30.0,50.0,1.459021,102.149821,1.52,181.4,7,235.9,-0.11,4.19,0.0
1789010855.29751,30.0,50.0,1.459021,102.149821,1.67,183.6,7,235.9,0.0,4.19,0.0
1789010856.3054628,30.0,50.0,1.459021,102.149821,1.81,185.0,7,235.9,-0.14,4.18,0.0
1789010857.30487,30.0,50.0,1.459037,102.149821,1.26,186.1,7,235.9,-0.15,4.19,0.0
1789010858.3067122,30.0,50.0,1.459037,102.149821,0.33,187.4,6,235.9,-0.13,4.19,0.0
1789010859.3274374,30.0,50.0,1.459037,102.149821,1.43,189.1,6,235.9,-0.16,4.19,0.0
1789010860.3038921,30.0,50.0,1.459037,102.149821,1.81,190.3,6,235.9,-0.13,4.19,0.0
1789010861.325467,30.0,50.0,1.45905,102.149819,1.65,190.8,6,235.9,-0.11,4.19,0.0
1789010862.323787,30.0,50.0,1.45905,102.149819,1.89,191.8,6,235.9,-0.16,4.19,0.0
1789010863.3212924,30.0,50.0,1.45905,102.149819,1.26,192.3,5,235.9,-0.12,4.19,0.0
1789010864.3548942,30.0,50.0,1.459061,102.149817,0.63,192.2,5,235.9,-0.15,4.19,0.0
1789010865.3244398,30.0,50.0,1.459061,102.149817,0.37,193.0,6,235.9,-0.12,4.19,0.0
1789010866.3204114,30.0,50.0,1.459061,102.149817,0.26,193.5,7,235.9,0.0,4.19,0.0
1789010867.3202672,30.0,50.0,1.459076,102.149816,0.13,194.2,7,235.9,-0.1,4.19,0.0
1789010868.3309124,30.0,50.0,1.459076,102.149816,0.22,195.6,7,235.9,-0.13,4.19,0.0
1789010869.352344,30.0,50.0,1.459076,102.149816,0.74,196.5,7,235.9,-0.14,4.19,0.0
1789010870.3445835,30.0,50.0,1.459087,102.149818,0.63,197.2,7,235.9,-0.15,4.19,0.0
1789010871.3442407,30.0,50.0,1.459087,102.149818,0.46,197.7,7,235.9,-0.22,4.18,0.0
1789010872.3390954,30.0,50.0,1.459087,102.149818,0.83,199.7,7,235.9,-0.15,4.19,0.0
1789010873.3452942,30.0,50.0,1.459087,102.149818,1.2,200.1,7,235.9,-0.14,4.19,0.0
1789010874.3696404,30.0,50.0,1.459087,102.149818,1.19,200.9,7,235.9,-0.1,4.19,0.0
1789010875.3567257,30.0,50.0,1.459099,102.14982,1.13,201.6,7,235.9,-0.11,4.19,0.0
1789010876.3449895,30.0,50.0,1.459099,102.14982,0.78,202.3,7,235.9,-0.13,4.19,0.0
1789010877.34818,30.0,50.0,1.459099,102.14982,1.87,203.2,7,235.9,-0.14,4.19,0.0
1789010878.3602943,30.0,50.0,1.459099,102.14982,1.43,203.2,7,235.9,0.0,4.19,0.0
1789010879.381426,30.0,50.0,1.459099,102.14982,0.67,203.7,7,235.9,-0.14,4.19,0.0
1789010880.357808,30.0,50.0,1.459099,102.14982,0.85,203.5,7,235.9,-0.19,4.19,0.0
1789010881.3546433,30.0,50.0,1.459099,102.14982,0.96,203.4,7,235.9,-0.14,4.19,0.0
1789010882.3717175,30.0,50.0,1.459099,102.14982,0.94,203.0,6,235.9,-0.18,4.18,0.0
1789010883.3647053,30.0,50.0,1.459087,102.149823,1.07,203.1,6,235.9,-0.13,4.19,0.0
1789010884.400926,30.0,50.0,1.459087,102.149823,0.85,203.0,6,235.9,-0.11,4.19,0.0
1789010885.3804188,30.0,50.0,1.459087,102.149823,0.52,203.3,6,235.9,-0.11,4.19,0.0
1789010886.383987,30.0,50.0,1.459087,102.149823,0.19,203.0,6,235.9,-0.11,4.19,0.0
1789010887.3770823,30.0,50.0,1.459075,102.149827,0.46,202.8,6,235.9,-0.14,4.19,0.0
1789010888.3771021,30.0,50.0,1.459075,102.149827,0.06,203.0,6,235.9,-0.11,4.19,0.0
1789010889.4059067,30.0,50.0,1.459075,102.149827,0.31,203.3,6,235.9,0.0,4.19,0.0
1789010890.390047,30.0,50.0,1.459075,102.149827,0.43,202.8,6,235.9,0.0,4.19,0.0
1789010891.3898933,30.0,50.0,1.459075,102.149827,0.81,202.0,6,235.9,0.0,4.19,0.0
1789010892.3918393,30.0,50.0,1.459075,102.149827,1.13,201.4,6,235.9,-0.15,4.19,0.0
1789010893.3870206,30.0,50.0,1.459075,102.149827,1.39,200.2,5,235.9,0.0,4.19,0.0
1789010894.421575,30.0,50.0,1.459075,102.149827,2.78,199.4,5,235.9,0.0,4.19,0.0
1789010895.4016743,30.0,50.0,1.459075,102.149827,0.54,198.2,5,235.9,-0.1,4.19,0.0
1789010896.4004765,30.0,50.0,1.459075,102.149827,0.41,197.7,5,235.9,-0.11,4.19,0.0
1789010897.400885,30.0,50.0,1.459075,102.149827,0.8,197.0,5,235.9,-0.12,4.19,0.0
1789010898.4104102,30.0,50.0,1.459075,102.149827,0.44,195.8,5,235.9,-0.11,4.19,0.0
1789010899.4359353,30.0,50.0,1.459083,102.149837,0.19,195.4,5,235.9,-0.18,4.19,0.0
1789010900.4021811,30.0,50.0,1.459083,102.149837,0.15,193.6,6,235.9,0.0,4.19,0.0
1789010901.41067,30.0,50.0,1.459083,102.149837,0.96,192.4,6,235.9,-0.2,4.18,0.0
1789010902.4123702,30.0,50.0,1.459083,102.149837,0.41,191.3,6,235.9,-0.11,4.19,0.0
1789010903.4167051,30.0,50.0,1.459083,102.149837,0.76,190.4,6,235.9,-0.11,4.19,0.0
1789010904.4339108,30.0,50.0,1.459074,102.149843,0.46,189.2,6,235.9,-0.16,4.19,0.0
1789010905.4260008,30.0,50.0,1.459074,102.149843,0.06,187.6,6,235.9,-0.1,4.19,0.0
1789010906.4212327,30.0,50.0,1.459074,102.149843,0.41,186.1,6,235.9,-0.11,4.19,0.0
1789010907.4276989,30.0,50.0,1.459074,102.149843,0.24,184.8,6,235.9,-0.11,4.19,0.0
1789010908.421199,30.0,50.0,1.459074,102.149843,0.15,183.2,6,235.9,0.0,4.19,0.0
1789010909.4411914,30.0,50.0,1.459074,102.149843,0.59,181.4,6,235.9,-0.13,4.19,0.0
1789010910.4209902,30.0,50.0,1.459074,102.149843,0.37,180.5,6,235.9,0.0,4.19,0.0
1789010911.4376404,30.0,50.0,1.459074,102.149843,0.89,179.8,6,235.9,0.0,4.19,0.0
1789010912.4208226,30.0,50.0,1.459074,102.149843,0.41,178.5,6,235.9,0.0,4.19,0.0
1789010913.4254491,30.0,50.0,1.459084,102.149847,0.37,177.7,5,235.9,-0.12,4.19,0.0
1789010914.4558554,30.0,50.0,1.459084,102.149847,1.61,176.3,5,235.9,-0.16,4.19,0.0
1789010915.4265895,30.0,50.0,1.459084,102.149847,1.94,175.0,5,235.9,-0.13,4.19,0.0
1789010916.4336486,30.0,50.0,1.459084,102.149847,3.09,173.8,5,235.9,-0.17,4.19,0.0
1789010917.428523,30.0,50.0,1.459084,102.149847,0.22,172.0,5,235.9,-0.13,4.19,0.0
1789010918.427161,30.0,50.0,1.459096,102.149842,0.11,170.4,5,235.9,-0.13,4.19,0.0
1789010919.4601977,30.0,50.0,1.459096,102.149842,1.41,168.7,5,235.9,-0.14,4.19,0.0
1789010920.4354737,30.0,50.0,1.459096,102.149842,1.67,167.0,5,235.9,-0.13,4.19,0.0
1789010921.4502232,30.0,50.0,1.459096,102.149842,1.89,165.7,5,235.9,-0.11,4.19,0.0
1789010922.4536405,30.0,50.0,1.459096,102.149842,1.87,164.2,5,235.9,0.0,4.19,0.0
1789010923.4508064,30.0,50.0,1.459079,102.14984,1.65,161.2,6,235.9,-0.13,4.19,0.0
1789010924.4656165,30.0,50.0,1.459079,102.14984,1.41,158.9,6,235.9,-0.19,4.18,0.0
1789010925.4589856,30.0,50.0,1.459079,102.14984,1.33,157.2,6,235.9,-0.18,4.18,0.0
1789010926.4534454,30.0,50.0,1.459079,102.14984,1.2,155.1,6,235.9,-0.11,4.19,0.0
1789010927.4493546,30.0,50.0,1.459068,102.149838,0.54,153.5,6,235.9,-0.11,4.19,0.0
1789010928.4656084,30.0,50.0,1.459068,102.149838,0.28,152.0,6,235.9,-0.14,4.19,0.0
1789010929.4810915,30.0,50.0,1.459068,102.149838,0.07,150.1,6,235.9,-0.12,4.19,0.0
1789010930.4591966,30.0,50.0,1.459068,102.149838,0.17,147.9,6,235.9,-0.14,4.19,0.0
1789010931.46264,30.0,50.0,1.459068,102.149838,0.11,146.2,6,235.9,-0.12,4.19,0.0
1789010932.476234,30.0,50.0,1.459082,102.14983,0.81,143.9,6,235.9,-0.14,4.19,0.0
1789010933.474074,30.0,50.0,1.459082,102.14983,1.5,141.7,6,235.9,-0.14,4.18,0.0
1789010934.4894707,30.0,50.0,1.459082,102.14983,0.85,139.4,6,235.9,-0.17,4.18,0.0
1789010935.462857,30.0,50.0,1.459082,102.14983,1.61,137.2,6,235.9,-0.12,4.19,0.0
1789010936.4769363,30.0,50.0,1.459096,102.149823,0.37,135.5,6,235.9,-0.1,4.19,0.0
1789010937.4732876,30.0,50.0,1.459096,102.149823,0.26,133.8,6,235.9,-0.14,4.19,0.0
1789010938.4688227,30.0,50.0,1.459096,102.149823,0.26,132.8,6,235.9,-0.15,4.19,0.0
1789010939.5012674,30.0,50.0,1.45911,102.14982,0.8,131.8,6,235.9,-0.14,4.19,0.0
1789010940.477356,30.0,50.0,1.45911,102.14982,0.09,130.3,6,235.9,-0.15,4.19,0.0
1789010941.4924986,30.0,50.0,1.45911,102.14982,0.07,129.0,6,235.9,-0.13,4.19,0.0
1789010942.4874043,30.0,50.0,1.459123,102.149818,0.48,128.0,6,235.9,-0.26,4.18,0.0
1789010943.4821165,30.0,50.0,1.459123,102.149818,0.31,127.1,6,235.9,-0.15,4.18,0.0
1789010944.5001993,30.0,50.0,1.459123,102.149818,0.24,126.6,6,235.9,-0.11,4.18,0.0
1789010945.4802847,30.0,50.0,1.459135,102.149818,0.07,125.6,6,235.9,-0.13,4.19,0.0
1789010946.4957008,30.0,50.0,1.459135,102.149818,0.17,124.6,6,235.9,-0.13,4.19,0.0
1789010947.488885,30.0,50.0,1.459135,102.149818,0.13,123.6,6,235.9,-0.14,4.19,0.0
1789010948.5033183,30.0,50.0,1.459135,102.149818,0.35,122.3,6,235.9,-0.11,4.19,0.0
1789010949.5166552,30.0,50.0,1.459147,102.149817,0.09,120.9,6,235.9,-0.11,4.19,0.0
1789010950.4938846,30.0,50.0,1.459147,102.149817,0.41,119.5,6,235.9,0.0,4.19,0.0
1789010951.4900014,30.0,50.0,1.459147,102.149817,0.48,118.4,6,235.9,-0.23,4.18,0.0
1789010952.5033479,30.0,50.0,1.459147,102.149817,1.13,117.4,6,235.9,-0.13,4.19,0.0
1789010953.5003471,30.0,50.0,1.459147,102.149817,0.26,116.1,6,235.9,-0.12,4.19,0.0
1789010954.5199082,30.0,50.0,1.459147,102.149817,1.35,114.3,6,235.9,-0.14,4.19,0.0
1789010955.4955328,30.0,50.0,1.459147,102.149817,2.06,113.0,6,235.9,-0.12,4.19,0.0
1789010956.517584,30.0,50.0,1.459147,102.149817,0.13,111.8,6,235.9,-0.15,4.19,0.0
1789010957.5115542,30.0,50.0,1.459158,102.14982,0.91,110.5,6,235.9,-0.12,4.19,0.0
1789010958.507279,30.0,50.0,1.459158,102.14982,0.7,109.4,6,235.9,-0.11,4.19,0.0
1789010959.5408738,30.0,50.0,1.459158,102.14982,0.67,107.7,6,235.9,-0.13,4.19,0.0
1789010960.5181282,30.0,50.0,1.459158,102.14982,0.54,106.5,6,235.9,-0.19,4.19,0.0
1789010961.5145097,30.0,50.0,1.459158,102.14982,1.09,104.6,6,235.9,-0.15,4.18,0.0
1789010962.5289567,30.0,50.0,1.45917,102.149819,0.93,103.2,6,235.9,0.0,4.19,0.0
1789010963.5221803,30.0,50.0,1.45917,102.149819,0.44,101.9,6,235.9,0.0,4.19,0.0
1789010964.5552297,30.0,50.0,1.45917,102.149819,0.2,100.6,6,235.9,-0.12,4.19,0.0
1789010965.5304446,30.0,50.0,1.45917,102.149819,0.52,99.4,6,235.9,-0.11,4.19,0.0
1789010966.527168,30.0,50.0,1.45917,102.149819,0.61,98.4,6,235.9,-0.11,4.19,0.0
1789010967.5421088,30.0,50.0,1.459182,102.149819,0.61,97.3,6,235.9,0.0,4.19,0.0
1789010968.539477,30.0,50.0,1.459182,102.149819,0.33,95.8,6,235.9,-0.12,4.19,0.0
1789010969.5598264,30.0,50.0,1.459182,102.149819,0.5,94.5,6,235.9,-0.23,4.18,0.0
1789010970.536711,30.0,50.0,1.459182,102.149819,0.67,93.4,6,235.9,0.0,4.19,0.0
1789010971.5313706,30.0,50.0,1.459194,102.149818,0.72,92.2,6,235.9,0.0,4.19,0.0
1789010972.5435154,30.0,50.0,1.459194,102.149818,0.89,91.3,6,235.9,0.0,4.19,0.0
1789010973.5387995,30.0,50.0,1.459194,102.149818,1.8,90.7,6,235.9,-0.12,4.19,0.0
1789010974.5779417,30.0,50.0,1.459194,102.149818,1.09,90.0,6,235.9,-0.15,4.19,0.0
1789010975.5526278,30.0,50.0,1.459206,102.149819,0.41,89.3,6,235.9,0.0,4.19,0.0
1789010976.548246,30.0,50.0,1.459206,102.149819,0.41,88.7,6,235.9,-0.11,4.19,0.0
1789010977.562303,30.0,50.0,1.459206,102.149819,0.3,88.3,6,235.9,-0.14,4.19,0.0
1789010978.5636303,30.0,50.0,1.459206,102.149819,0.39,87.7,6,235.9,-0.19,4.18,0.0
1789010979.5819705,30.0,50.0,1.459206,102.149819,0.83,87.3,6,235.9,-0.23,4.18,0.0
1789010980.5609002,30.0,50.0,1.459206,102.149819,0.5,87.1,6,235.9,0.0,4.19,0.0
1789010981.5744987,30.0,50.0,1.459206,102.149819,0.3,86.6,6,235.9,0.0,4.19,0.0
1789010982.5758734,30.0,50.0,1.459218,102.149821,0.39,86.2,6,235.9,0.0,4.19,0.0
1789010983.5702264,30.0,50.0,1.459218,102.149821,0.72,85.7,6,235.9,0.0,4.19,0.0
1789010984.6089733,30.0,50.0,1.459218,102.149821,0.81,85.4,6,235.9,0.0,4.19,0.0
1789010985.5829453,30.0,50.0,1.459218,102.149821,0.43,84.8,6,235.9,-0.12,4.19,0.0
1789010986.579037,30.0,50.0,1.459218,102.149821,0.22,84.2,6,235.9,0.0,4.19,0.0
1789010987.5766964,30.0,50.0,1.459218,102.149821,0.33,83.9,6,235.9,-0.13,4.19,0.0
1789010988.5790174,30.0,50.0,1.459229,102.149821,0.2,83.3,6,235.9,-0.13,4.19,0.0
1789010989.619997,30.0,50.0,1.459229,102.149821,0.35,82.8,6,235.9,-0.1,4.19,0.0
1789010990.5950341,30.0,50.0,1.459229,102.149821,0.93,82.0,5,235.9,-0.14,4.19,0.0
1789010991.5936701,30.0,50.0,1.459229,102.149821,0.94,81.1,5,235.9,-0.15,4.18,0.0
1789010992.6102376,30.0,50.0,1.459229,102.149821,0.3,80.2,5,235.9,-0.12,4.19,0.0
1789010993.6064265,30.0,50.0,1.459229,102.149821,0.22,79.2,5,235.9,-0.13,4.19,0.0
1789010994.6249268,30.0,50.0,1.459229,102.149821,2.57,78.4,5,235.9,-0.1,4.19,0.0
1789010995.6022248,30.0,50.0,1.459229,102.149821,2.56,77.3,5,235.9,-0.14,4.19,0.0
1789010996.61984,30.0,50.0,1.459229,102.149821,0.74,76.3,5,235.9,-0.17,4.18,0.0
1789010997.6019742,30.0,50.0,1.459229,102.149821,0.74,75.1,5,235.9,0.0,4.19,0.0
1789010998.6340768,30.0,50.0,1.459229,102.149821,0.87,74.1,5,235.9,0.0,4.19,0.0
1789010999.638944,30.0,50.0,1.459229,102.149821,0.57,72.8,5,235.9,0.0,4.19,0.0
1789011000.6146193,30.0,50.0,1.459229,102.149821,0.5,71.4,5,235.9,0.0,4.19,0.0
1789011001.6297104,30.0,50.0,1.459229,102.149821,1.44,70.4,5,235.9,0.0,4.19,0.0
1789011002.6278257,30.0,50.0,1.459229,102.149821,1.63,69.1,5,235.9,0.0,4.19,0.0
1789011003.6278732,30.0,50.0,1.459229,102.149821,0.67,68.0,6,235.9,-0.11,4.19,0.0
1789011004.6454625,30.0,50.0,1.45922,102.149814,0.7,66.6,6,235.9,-0.21,4.18,0.0
1789011005.641374,30.0,50.0,1.45922,102.149814,0.91,65.4,6,235.9,0.0,4.19,0.0
1789011006.6399205,30.0,50.0,1.45922,102.149814,0.74,63.9,6,235.9,0.0,4.19,0.0
1789011007.640714,30.0,50.0,1.45922,102.149814,0.44,62.7,6,235.9,0.0,4.19,0.0
1789011008.6359243,30.0,50.0,1.45922,102.149814,0.15,61.7,6,235.9,0.0,4.19,0.0
1789011009.6537595,30.0,50.0,1.459207,102.149816,0.17,60.7,6,235.9,-0.12,4.19,0.0
1789011010.6469765,30.0,50.0,1.459207,102.149816,0.33,59.6,6,235.9,0.0,4.19,0.0
1789011011.6466572,30.0,50.0,1.459207,102.149816,0.48,59.0,6,235.9,0.0,4.19,0.0
1789011012.6439223,30.0,50.0,1.459207,102.149816,0.46,58.2,6,235.9,0.0,4.19,0.0
1789011013.6404765,30.0,50.0,1.459207,102.149816,1.26,57.2,6,235.9,-0.17,4.19,0.0
1789011014.6828337,30.0,50.0,1.459207,102.149816,0.46,56.2,6,235.9,-0.11,4.19,0.0
1789011015.6550157,30.0,50.0,1.459207,102.149816,0.37,55.5,6,235.9,-0.12,4.19,0.0
1789011016.6532052,30.0,50.0,1.459194,102.149816,1.31,54.2,6,235.9,0.0,4.19,0.0
1789011017.6675768,30.0,50.0,1.459194,102.149816,0.94,52.8,6,235.9,-0.11,4.19,0.0
1789011018.6620321,30.0,50.0,1.459194,102.149816,1.37,51.5,6,235.9,0.0,4.19,0.0
1789011019.6842883,30.0,50.0,1.459194,102.149816,1.57,50.4,6,235.9,-0.17,4.19,0.0
1789011020.6708486,30.0,50.0,1.459194,102.149816,1.7,49.1,6,235.9,0.0,4.19,0.0
1789011021.6658022,30.0,50.0,1.459194,102.149816,1.2,47.8,6,235.9,-0.11,4.19,0.0
1789011022.66767,30.0,50.0,1.459194,102.149816,1.17,46.5,6,235.9,0.0,4.19,0.0
1789011023.6737428,30.0,50.0,1.459194,102.149816,1.48,45.4,6,235.9,0.0,4.19,0.0
1789011024.691034,30.0,50.0,1.459182,102.149813,1.41,44.5,5,235.9,-0.13,4.19,0.0
1789011025.6771288,30.0,50.0,1.459182,102.149813,1.0,43.6,6,235.9,-0.1,4.19,0.0
1789011026.682322,30.0,50.0,1.459182,102.149813,0.39,42.2,5,235.9,-0.14,4.18,0.0
1789011027.6764035,30.0,50.0,1.459182,102.149813,0.3,40.9,5,235.9,0.0,4.19,0.0
1789011028.6912177,30.0,50.0,1.459182,102.149813,0.41,40.1,4,235.9,-0.12,4.19,0.0
1789011029.7102096,30.0,50.0,1.459182,102.149813,0.22,39.0,4,235.9,-0.14,4.19,0.0
1789011030.6850996,30.0,50.0,1.459182,102.149813,0.41,37.9,4,235.9,-0.15,4.19,0.0
1789011031.6809049,30.0,50.0,1.459182,102.149813,0.7,36.7,4,235.9,-0.13,4.19,0.0
1789011032.695429,30.0,50.0,1.459182,102.149813,0.56,35.4,5,235.9,-0.12,4.19,0.0
1789011033.701681,30.0,50.0,1.459182,102.149813,1.5,34.3,5,235.9,-0.13,4.19,0.0
1789011034.7206264,30.0,50.0,1.459182,102.149813,1.17,33.1,5,235.9,0.0,4.19,0.0
1789011035.6964571,30.0,50.0,1.459182,102.149813,0.37,31.7,5,235.9,-0.13,4.19,0.0
1789011036.6931305,30.0,50.0,1.459182,102.149813,0.96,30.3,5,235.9,-0.14,4.19,0.0
1789011037.709786,30.0,50.0,1.459173,102.149806,0.67,28.8,6,235.9,-0.17,4.19,0.0
1789011038.7026608,30.0,50.0,1.459173,102.149806,0.24,27.4,6,235.9,-0.12,4.19,0.0
1789011039.7180555,30.0,50.0,1.459173,102.149806,0.22,25.9,6,235.9,-0.25,4.18,0.0
1789011040.7132833,30.0,50.0,1.459173,102.149806,0.22,24.3,6,235.9,-0.14,4.19,0.0
1789011041.7125435,30.0,50.0,1.459173,102.149806,0.22,22.1,6,235.9,-0.14,4.19,0.0
1789011042.7056105,30.0,50.0,1.459173,102.149806,0.28,20.3,6,235.9,-0.13,4.19,0.0
1789011043.7081385,30.0,50.0,1.459173,102.149806,0.39,18.3,6,235.9,-0.14,4.19,0.0
1789011044.7268622,30.0,50.0,1.459173,102.149806,0.48,16.6,6,235.9,-0.13,4.19,0.0
1789011045.7217076,30.0,50.0,1.459173,102.149806,0.17,14.7,6,235.9,-0.15,4.19,0.0
1789011046.7108235,30.0,50.0,1.459173,102.149806,0.28,12.6,6,235.9,-0.13,4.19,0.0
1789011047.7039087,30.0,50.0,1.459173,102.149806,0.43,10.7,6,235.9,-0.15,4.19,0.0
1789011048.7280872,30.0,50.0,1.459173,102.149806,0.57,8.5,6,235.9,-0.11,4.19,0.0
1789011049.7303157,30.0,50.0,1.459172,102.149794,0.98,6.3,6,235.9,-0.11,4.19,0.0
1789011050.7174025,30.0,50.0,1.459172,102.149794,0.31,4.1,6,235.9,-0.11,4.19,0.0
1789011051.7170603,30.0,50.0,1.459172,102.149794,0.19,2.1,6,235.9,-0.11,4.19,0.0
1789011052.7125065,30.0,50.0,1.459172,102.149794,0.59,0.1,6,235.9,-0.12,4.19,0.0
1789011053.7301455,30.0,50.0,1.459172,102.149794,2.35,-2.4,6,235.9,-0.13,4.19,0.0
1789011054.748081,30.0,50.0,1.459172,102.149794,0.37,-5.0,6,235.9,-0.12,4.19,0.0
1789011055.7272584,30.0,50.0,1.459172,102.149794,0.63,-7.3,5,235.9,-0.17,4.19,0.0
1789011056.742163,30.0,50.0,1.459177,102.149783,0.33,-9.6,5,235.9,-0.13,4.19,0.0
1789011057.7392967,30.0,50.0,1.459177,102.149783,0.59,-11.6,5,235.9,-0.16,4.19,0.0
1789011058.729872,30.0,50.0,1.459177,102.149783,0.61,-13.5,5,235.9,-0.18,4.19,0.0
1789011059.7671013,30.0,50.0,1.459187,102.149778,0.31,-15.3,5,235.9,-0.12,4.19,0.0
1789011060.7435007,30.0,50.0,1.459187,102.149778,0.41,-17.6,5,235.9,-0.11,4.19,0.0
1789011061.738139,30.0,50.0,1.459187,102.149778,0.37,-19.6,5,235.9,-0.12,4.19,0.0
1789011062.7352724,30.0,50.0,1.459197,102.149773,0.33,-21.7,6,235.9,-0.11,4.19,0.0
1789011063.7514033,30.0,50.0,1.459197,102.149773,0.8,-24.2,6,235.9,-0.1,4.19,0.0
1789011064.7638392,30.0,50.0,1.459197,102.149773,1.15,-26.3,6,235.9,-0.15,4.19,0.0
1789011065.749209,30.0,50.0,1.459197,102.149773,0.91,-28.5,6,235.9,-0.11,4.19,0.0
1789011066.7499995,30.0,50.0,1.459202,102.149763,0.65,-30.6,6,235.9,-0.13,4.19,0.0
1789011067.7524784,30.0,50.0,1.459202,102.149763,0.76,-32.4,6,235.9,-0.1,4.19,0.0
1789011068.759044,30.0,50.0,1.459202,102.149763,0.48,-34.6,6,235.9,0.0,4.19,0.0
1789011069.7829633,30.0,50.0,1.459202,102.149763,0.24,-36.7,6,235.9,-0.14,4.19,0.0
1789011070.7687747,30.0,50.0,1.459202,102.149763,0.76,-38.8,6,235.9,-0.1,4.19,0.0
1789011071.7572732,30.0,50.0,1.459202,102.149763,0.3,-41.3,6,235.9,0.0,4.19,0.0
1789011072.7583923,30.0,50.0,1.459198,102.149753,1.0,-43.5,6,235.9,0.0,4.19,0.0
1789011073.7634656,30.0,50.0,1.459198,102.149753,1.19,-45.5,6,235.9,0.0,4.19,0.0
1789011074.7854383,30.0,50.0,1.459198,102.149753,1.7,-47.6,6,235.9,-0.21,4.19,0.0
1789011075.7651548,30.0,50.0,1.459198,102.149753,0.85,-49.9,6,235.9,-0.11,4.19,0.0
1789011076.7687,30.0,50.0,1.459198,102.149753,0.46,-52.4,6,235.9,-0.12,4.19,0.0
1789011077.7852044,30.0,50.0,1.459192,102.149741,0.91,-55.3,6,235.9,-0.12,4.19,0.0
1789011078.7841804,30.0,50.0,1.459192,102.149741,0.52,-58.0,6,235.9,-0.13,4.19,0.0
1789011079.7998827,30.0,50.0,1.459192,102.149741,0.83,-60.3,6,235.9,-0.12,4.19,0.0
1789011080.7745855,30.0,50.0,1.459192,102.149741,1.52,-62.5,6,235.9,-0.13,4.19,0.0
1789011081.7796926,30.0,50.0,1.459186,102.149731,1.02,-64.4,6,235.9,-0.12,4.19,0.0
1789011082.7864475,30.0,50.0,1.459186,102.149731,0.44,-66.4,6,235.9,-0.12,4.19,0.0
1789011083.788356,30.0,50.0,1.459186,102.149731,0.52,-68.2,6,235.9,-0.21,4.18,0.0
1789011084.8045096,30.0,50.0,1.459186,102.149731,0.54,-70.0,6,235.9,-0.15,4.19,0.0
1789011085.783686,30.0,50.0,1.459186,102.149731,0.59,-71.3,6,235.9,-0.12,4.19,0.0
1789011086.8008265,30.0,50.0,1.459186,102.149731,0.57,-71.8,6,235.9,-0.11,4.19,0.0
1789011087.7957108,30.0,50.0,1.459185,102.149719,0.65,-72.5,6,235.9,-0.13,4.19,0.0
1789011088.8020446,30.0,50.0,1.459185,102.149719,0.41,-73.1,6,235.9,0.0,4.19,0.0
1789011089.8272066,30.0,50.0,1.459185,102.149719,0.31,-73.8,6,235.9,-0.15,4.19,0.0
1789011090.8035302,30.0,50.0,1.459185,102.149719,0.43,-74.2,6,235.9,0.0,4.19,0.0
1789011091.8105142,30.0,50.0,1.459185,102.149719,1.59,-74.7,6,235.9,0.0,4.19,0.0
1789011092.7963116,30.0,50.0,1.459185,102.149719,2.57,-74.8,5,235.9,-0.11,4.19,0.0
1789011093.8158584,30.0,50.0,1.459185,102.149719,1.67,-75.1,5,235.9,0.0,4.19,0.0
1789011094.8333635,30.0,50.0,1.459192,102.149711,0.83,-75.5,5,235.9,-0.16,4.19,0.0
1789011095.819869,30.0,50.0,1.459192,102.149711,0.41,-75.8,5,235.9,-0.12,4.19,0.0
1789011096.8157415,30.0,50.0,1.459192,102.149711,0.48,-76.3,5,235.9,-0.17,4.19,0.0
1789011097.819615,30.0,50.0,1.459192,102.149711,0.39,-76.8,5,235.9,-0.11,4.19,0.0
1789011098.8207211,30.0,50.0,1.459192,102.149711,0.63,-77.5,5,235.9,-0.19,4.18,0.0
1789011099.8384862,30.0,50.0,1.459192,102.149711,0.39,-78.1,5,235.9,-0.16,4.19,0.0
1789011100.8144274,30.0,50.0,1.459192,102.149711,0.46,-79.1,5,235.9,-0.11,4.19,0.0
1789011101.8097622,30.0,50.0,1.459192,102.149711,0.37,-79.5,5,235.9,-0.15,4.19,0.0
1789011102.8098807,30.0,50.0,1.459192,102.149711,0.52,-79.7,5,235.9,-0.13,4.19,0.0
1789011103.8259616,30.0,50.0,1.459192,102.149711,0.96,-79.6,4,235.9,-0.15,4.18,0.0
1789011104.8431015,30.0,50.0,1.459192,102.149711,0.65,-80.0,4,235.9,-0.12,4.19,0.0
1789011105.8194618,30.0,50.0,1.459192,102.149711,0.46,-80.6,4,235.9,-0.15,4.19,0.0
1789011106.8215394,30.0,50.0,1.459192,102.149711,0.87,-81.0,4,235.9,-0.13,4.19,0.0
1789011107.8208113,30.0,50.0,1.459192,102.149711,0.91,-81.0,4,235.9,-0.22,4.18,0.0
1789011108.8218358,30.0,50.0,1.459201,102.149705,0.93,-80.8,4,235.9,-0.12,4.18,0.0
1789011109.866217,30.0,50.0,1.459201,102.149705,1.15,-80.2,4,235.9,-0.15,4.19,0.0
1789011110.8450153,30.0,50.0,1.459201,102.149705,1.43,-80.3,4,235.9,-0.13,4.19,0.0
1789011111.8277447,30.0,50.0,1.459201,102.149705,2.09,-80.5,5,235.9,-0.13,4.19,0.0
1789011112.833813,30.0,50.0,1.459212,102.149706,1.85,-80.4,5,235.9,-0.11,4.19,0.0
1789011113.8415408,30.0,50.0,1.459212,102.149706,1.28,-79.9,6,235.9,-0.13,4.19,0.0
1789011114.8560832,30.0,50.0,1.459212,102.149706,0.94,-79.1,6,235.9,-0.14,4.19,0.0
1789011115.8386028,30.0,50.0,1.459212,102.149706,0.76,-77.9,6,235.9,-0.11,4.18,0.0
1789011116.8428607,30.0,50.0,1.459212,102.149706,0.5,-77.2,6,235.9,0.0,4.18,0.0
1789011117.846244,30.0,50.0,1.459212,102.149706,0.59,-76.7,6,235.9,-0.15,4.19,0.0
1789011118.8485272,30.0,50.0,1.459212,102.149706,0.78,-75.7,6,235.9,-0.1,4.19,0.0
1789011119.86072,30.0,50.0,1.459212,102.149706,0.5,-75.2,6,235.9,-0.17,4.19,0.0
1789011120.8408184,30.0,50.0,1.459212,102.149717,0.72,-74.6,6,235.9,-0.13,4.18,0.0
1789011121.8543413,30.0,50.0,1.459212,102.149717,0.83,-74.2,6,235.9,-0.16,4.18,0.0
1789011122.8567564,30.0,50.0,1.459212,102.149717,0.54,-73.7,6,235.9,-0.15,4.18,0.0
1789011123.8607755,30.0,50.0,1.459212,102.149717,0.35,-73.3,6,235.9,-0.18,4.18,0.0
1789011124.883879,30.0,50.0,1.459212,102.149717,0.56,-73.0,6,235.9,-0.13,4.19,0.0
1789011125.8605726,30.0,50.0,1.459212,102.149717,0.3,-72.3,6,235.9,-0.26,4.18,0.0
1789011126.852677,30.0,50.0,1.459212,102.149717,0.37,-71.3,6,235.9,-0.13,4.19,0.0
1789011127.857331,30.0,50.0,1.459203,102.149725,0.59,-70.9,6,235.9,-0.13,4.19,0.0
1789011128.8570864,30.0,50.0,1.459203,102.149725,0.48,-70.3,6,235.9,-0.15,4.19,0.0
1789011129.8854988,30.0,50.0,1.459203,102.149725,0.24,-69.7,6,235.9,-0.14,4.19,0.0
1789011130.8629575,30.0,50.0,1.459203,102.149725,0.28,-69.2,6,235.9,-0.12,4.19,0.0
1789011131.8626165,30.0,50.0,1.459203,102.149725,0.35,-69.1,6,235.9,-0.12,4.19,0.0
1789011132.8603518,30.0,50.0,1.459203,102.149725,1.96,-68.5,6,235.9,-0.16,4.19,0.0
1789011133.8641214,30.0,50.0,1.459203,102.149725,1.54,-68.3,6,235.9,-0.24,4.18,0.0
1789011134.9001305,30.0,50.0,1.459203,102.149725,2.17,-68.0,6,235.9,-0.22,4.18,0.0
1789011135.8732007,30.0,50.0,1.459203,102.149725,0.56,-67.7,6,235.9,-0.16,4.19,0.0
1789011136.8785346,30.0,50.0,1.459213,102.14973,0.52,-67.4,6,235.9,-0.14,4.19,0.0
1789011137.8729548,30.0,50.0,1.459213,102.14973,0.72,-67.2,6,235.9,-0.16,4.19,0.0
1789011138.875997,30.0,50.0,1.459213,102.14973,0.43,-66.6,6,235.9,-0.14,4.19,0.0
1789011139.8950086,30.0,50.0,1.459213,102.14973,1.02,-65.9,6,235.9,-0.16,4.19,0.0
1789011140.877822,30.0,50.0,1.459227,102.149731,1.11,-65.6,5,235.9,-0.15,4.19,0.0
1789011141.8813076,30.0,50.0,1.459227,102.149731,0.61,-65.6,6,235.9,-0.12,4.19,0.0
1789011142.8954062,30.0,50.0,1.459227,102.149731,0.63,-64.9,6,235.9,-0.24,4.18,0.0
1789011143.8932607,30.0,50.0,1.45924,102.149732,0.98,-64.4,6,235.9,-0.14,4.18,0.0
1789011144.9112148,30.0,50.0,1.45924,102.149732,1.39,-63.7,5,235.9,-0.14,4.19,0.0
1789011145.8897882,30.0,50.0,1.45924,102.149732,0.93,-63.4,5,235.9,-0.14,4.19,0.0
1789011146.8912241,30.0,50.0,1.45924,102.149732,0.17,-63.5,5,235.9,-0.12,4.19,0.0
1789011147.8910203,30.0,50.0,1.45924,102.149732,0.24,-63.7,5,235.9,-0.12,4.19,0.0
1789011148.9054277,30.0,50.0,1.45924,102.149732,0.35,-64.2,5,235.9,-0.12,4.19,0.0
1789011149.9273963,30.0,50.0,1.45924,102.149732,0.26,-64.5,5,235.9,-0.16,4.19,0.0
1789011150.9047327,30.0,50.0,1.45924,102.149732,2.35,-65.5,5,235.9,-0.14,4.19,0.0
1789011151.9059079,30.0,50.0,1.45924,102.149732,1.09,-65.7,5,235.9,-0.22,4.18,0.0
1789011152.9010725,30.0,50.0,1.459251,102.149728,1.43,-66.0,6,235.9,0.0,4.19,0.0
1789011153.8971348,30.0,50.0,1.459251,102.149728,0.41,-66.0,6,235.9,-0.12,4.19,0.0
1789011154.9319746,30.0,50.0,1.459251,102.149728,0.48,-65.5,5,235.9,-0.17,4.19,0.0
1789011155.9170961,30.0,50.0,1.459251,102.149728,0.26,-65.2,5,235.9,-0.12,4.18,0.0
1789011156.9118316,30.0,50.0,1.459251,102.149728,0.7,-64.6,5,235.9,-0.15,4.19,0.0
1789011157.9125068,30.0,50.0,1.459251,102.149728,0.93,-63.9,5,235.9,-0.12,4.19,0.0
1789011158.9262311,30.0,50.0,1.459251,102.149728,0.5,-63.1,5,235.9,-0.13,4.19,0.0
1789011159.9486387,30.0,50.0,1.459251,102.149728,0.26,-62.3,5,235.9,-0.15,4.18,0.0
1789011160.922914,30.0,50.0,1.459251,102.149728,0.44,-61.4,5,235.9,-0.1,4.19,0.0
1789011161.9166958,30.0,50.0,1.459251,102.149728,0.65,-60.7,5,235.9,-0.12,4.19,0.0
1789011162.9204428,30.0,50.0,1.459251,102.149728,0.54,-60.7,5,235.9,-0.15,4.19,0.0
1789011163.9268467,30.0,50.0,1.459251,102.149728,0.54,-60.5,5,235.9,-0.12,4.19,0.0
1789011164.9468272,30.0,50.0,1.459251,102.149728,0.19,-60.3,5,235.9,0.0,4.19,0.0
1789011165.9240081,30.0,50.0,1.459251,102.149728,0.37,-60.5,5,235.9,-0.11,4.19,0.0
1789011166.9234395,30.0,50.0,1.459251,102.149728,0.44,-61.2,5,235.9,-0.13,4.19,0.0
1789011167.9396431,30.0,50.0,1.459251,102.149728,0.78,-61.9,5,235.9,-0.13,4.19,0.0
1789011168.9400492,30.0,50.0,1.459251,102.149728,1.0,-63.4,6,235.9,-0.15,4.19,0.0
1789011169.9542086,30.0,50.0,1.459237,102.149728,1.26,-65.3,6,235.9,-0.15,4.19,0.0
1789011170.9363954,30.0,50.0,1.459237,102.149728,2.06,-67.7,6,235.9,-0.13,4.19,0.0
1789011171.9362068,30.0,50.0,1.459237,102.149728,1.35,-70.1,6,235.9,-0.13,4.18,0.0
1789011172.9512172,30.0,50.0,1.459237,102.149728,0.93,-72.2,6,235.9,-0.14,4.18,0.0
1789011173.95207,30.0,50.0,1.459225,102.14972,0.98,-73.6,6,235.9,-0.13,4.19,0.0
1789011174.9653556,30.0,50.0,1.459225,102.14972,0.41,-74.5,6,235.9,-0.19,4.18,0.0
1789011175.9422762,30.0,50.0,1.459212,102.14972,0.7,-74.9,6,235.9,-0.26,4.18,0.0
1789011176.9607918,30.0,50.0,1.459212,102.14972,0.57,-75.3,6,235.9,-0.13,4.18,0.0
1789011177.957763,30.0,50.0,1.459199,102.14972,1.31,-76.4,6,235.9,-0.15,4.18,0.0
1789011178.9546728,30.0,50.0,1.459199,102.14972,1.06,-77.4,6,235.9,-0.13,4.18,0.0
1789011179.9746816,30.0,50.0,1.459188,102.14972,0.98,-78.5,6,235.9,-0.15,4.19,0.0
1789011180.9728894,30.0,50.0,1.459188,102.14972,0.89,-79.4,6,235.9,-0.15,4.18,0.0
1789011181.9694922,30.0,50.0,1.459173,102.14972,0.5,-79.8,6,235.9,-0.13,4.18,0.0
1789011182.9651346,30.0,50.0,1.459173,102.14972,0.39,-80.0,6,235.9,-0.11,4.18,0.0
1789011183.96244,30.0,50.0,1.459173,102.14972,0.26,-80.0,6,235.9,-0.12,4.18,0.0
1789011184.9867465,30.0,50.0,1.459159,102.149723,0.24,-79.9,6,235.9,-0.15,4.19,0.0
1789011185.969265,30.0,50.0,1.459159,102.149723,0.19,-79.6,6,235.9,-0.12,4.19,0.0
1789011186.9730585,30.0,50.0,1.459159,102.149723,0.24,-79.1,6,235.9,-0.16,4.18,0.0
1789011187.9683223,30.0,50.0,1.459159,102.149723,0.28,-77.8,6,235.9,-0.16,4.18,0.0
1789011188.9679859,30.0,50.0,1.459148,102.149729,0.43,-76.4,6,235.9,-0.17,4.18,0.0
1789011190.0003014,30.0,50.0,1.459148,102.149729,0.44,-75.2,6,235.9,-0.13,4.19,0.0
1789011190.9789624,30.0,50.0,1.459148,102.149729,0.94,-74.1,6,235.9,-0.17,4.18,0.0
1789011191.9959528,30.0,50.0,1.459148,102.149729,1.28,-72.9,6,235.9,-0.16,4.19,0.0
1789011192.9985442,30.0,50.0,1.459148,102.149729,1.57,-71.3,6,235.9,-0.17,4.19,0.0
1789011193.9930325,30.0,50.0,1.459159,102.149735,1.46,-70.2,6,235.9,-0.2,4.18,0.0
1789011195.0171676,30.0,50.0,1.459159,102.149735,0.54,-68.8,6,235.9,-0.18,4.18,0.0
1789011196.0016558,30.0,50.0,1.459159,102.149735,0.39,-67.3,6,235.9,-0.17,4.18,0.0
1789011196.9997828,30.0,50.0,1.459159,102.149735,0.41,-66.0,6,235.9,-0.17,4.19,0.0
1789011197.9971106,30.0,50.0,1.459159,102.149735,1.33,-65.0,5,235.9,-0.14,4.19,0.0
1789011198.994868,30.0,50.0,1.459172,102.149739,0.67,-64.1,4,235.9,-0.12,4.19,0.0
1789011200.0314946,30.0,50.0,1.459172,102.149739,0.5,-63.2,4,235.9,-0.19,4.18,0.0
1789011201.0076833,30.0,50.0,1.459172,102.149739,0.91,-62.1,4,235.9,-0.14,4.19,0.0
1789011202.0028105,30.0,50.0,1.459172,102.149739,0.59,-61.1,4,235.9,-0.19,4.18,0.0
1789011202.9984176,30.0,50.0,1.459184,102.149741,0.37,-60.1,4,235.9,-0.23,4.18,0.0
1789011204.0218887,30.0,50.0,1.459184,102.149741,0.28,-59.7,4,235.9,-0.16,4.18,0.0
1789011205.0367043,30.0,50.0,1.459184,102.149741,0.19,-59.3,4,235.9,-0.18,4.18,0.0
1789011206.0197544,30.0,50.0,1.459184,102.149741,0.96,-58.5,4,235.9,-0.18,4.18,0.0
1789011207.0246732,30.0,50.0,1.459198,102.149742,1.37,-57.9,5,235.9,-0.16,4.18,0.0
1789011208.0166888,30.0,50.0,1.459198,102.149742,1.07,-57.3,5,235.9,-0.18,4.18,0.0
1789011209.0336866,30.0,50.0,1.459198,102.149742,1.06,-56.7,5,235.9,-0.21,4.19,0.0
1789011210.0388339,30.0,50.0,1.459198,102.149742,1.04,-55.5,5,235.9,-0.2,4.18,0.0
1789011211.0192125,30.0,50.0,1.459198,102.149742,0.76,-54.7,5,235.9,-0.22,4.18,0.0
1789011212.0390494,30.0,50.0,1.459212,102.149744,0.8,-53.8,5,235.9,-0.17,4.19,0.0
